forecast_date,target,target_end_date,location,type,quantile,value
2024-09-23,0 wk ahead inc case,2024-09-21,AT,quantile,0.1,17
2024-09-23,0 wk ahead inc case,2024-09-21,AT,quantile,0.15,18
2024-09-23,0 wk ahead inc case,2024-09-21,AT,quantile,0.2,18
2024-09-23,0 wk ahead inc case,2024-09-21,AT,quantile,0.25,19
2024-09-23,0 wk ahead inc case,2024-09-21,AT,quantile,0.3,19
2024-09-23,0 wk ahead inc case,2024-09-21,AT,quantile,0.35,20
2024-09-23,0 wk ahead inc case,2024-09-21,AT,quantile,0.65,22
2024-09-23,0 wk ahead inc case,2024-09-21,AT,quantile,0.025,16
2024-09-23,0 wk ahead inc case,2024-09-21,AT,quantile,0.05,16
2024-09-23,0 wk ahead inc case,2024-09-21,AT,quantile,0.01,15
2024-09-23,0 wk ahead inc case,2024-09-21,AT,quantile,0.4,20
2024-09-23,0 wk ahead inc case,2024-09-21,AT,quantile,0.45,20
2024-09-23,0 wk ahead inc case,2024-09-21,AT,quantile,0.5,21
2024-09-23,0 wk ahead inc case,2024-09-21,AT,quantile,0.55,21
2024-09-23,0 wk ahead inc case,2024-09-21,AT,quantile,0.6,21
2024-09-23,0 wk ahead inc case,2024-09-21,AT,quantile,0.7,22
2024-09-23,0 wk ahead inc case,2024-09-21,AT,quantile,0.75,23
2024-09-23,0 wk ahead inc case,2024-09-21,AT,quantile,0.9,25
2024-09-23,0 wk ahead inc case,2024-09-21,AT,quantile,0.95,26
2024-09-23,0 wk ahead inc case,2024-09-21,AT,quantile,0.975,27
2024-09-23,0 wk ahead inc case,2024-09-21,AT,quantile,0.8,23
2024-09-23,0 wk ahead inc case,2024-09-21,AT,quantile,0.85,24
2024-09-23,0 wk ahead inc case,2024-09-21,AT,quantile,0.99,29
2024-09-23,3 wk ahead inc case,2024-10-12,BE,quantile,0.15,1291
2024-09-23,0 wk ahead inc case,2024-09-21,BE,quantile,0.95,1535
2024-09-23,0 wk ahead inc case,2024-09-21,BE,quantile,0.9,1498
2024-09-23,0 wk ahead inc case,2024-09-21,BE,quantile,0.1,1267
2024-09-23,0 wk ahead inc case,2024-09-21,BE,quantile,0.85,1475
2024-09-23,3 wk ahead inc case,2024-10-12,BE,quantile,0.99,1873
2024-09-23,0 wk ahead inc case,2024-09-21,BE,quantile,0.8,1456
2024-09-23,0 wk ahead inc case,2024-09-21,BE,quantile,0.99,1605
2024-09-23,3 wk ahead inc case,2024-10-12,BE,quantile,0.1,1255
2024-09-23,0 wk ahead inc case,2024-09-21,BE,quantile,0.05,1237
2024-09-23,3 wk ahead inc case,2024-10-12,BE,quantile,0.25,1346
2024-09-23,0 wk ahead inc case,2024-09-21,BE,quantile,0.01,1185
2024-09-23,0 wk ahead inc case,2024-09-21,BE,quantile,0.025,1213
2024-09-23,0 wk ahead inc case,2024-09-21,BE,quantile,0.975,1566
2024-09-23,3 wk ahead inc case,2024-10-12,BE,quantile,0.2,1320
2024-09-23,3 wk ahead inc case,2024-10-12,BE,quantile,0.3,1369
2024-09-23,0 wk ahead inc case,2024-09-21,BE,quantile,0.15,1288
2024-09-23,0 wk ahead inc case,2024-09-21,BE,quantile,0.75,1440
2024-09-23,3 wk ahead inc case,2024-10-12,BE,quantile,0.05,1205
2024-09-23,3 wk ahead inc case,2024-10-12,BE,quantile,0.95,1743
2024-09-23,3 wk ahead inc case,2024-10-12,BE,quantile,0.975,1805
2024-09-23,0 wk ahead inc case,2024-09-21,BE,quantile,0.7,1425
2024-09-23,2 wk ahead inc case,2024-10-05,BE,quantile,0.55,1470
2024-09-23,3 wk ahead inc case,2024-10-12,BE,quantile,0.025,1165
2024-09-23,0 wk ahead inc case,2024-09-21,BE,quantile,0.6,1401
2024-09-23,0 wk ahead inc case,2024-09-21,BE,quantile,0.65,1413
2024-09-23,0 wk ahead inc case,2024-09-21,BE,quantile,0.2,1305
2024-09-23,1 wk ahead inc case,2024-09-28,BE,quantile,0.6,1454
2024-09-23,3 wk ahead inc case,2024-10-12,BE,quantile,0.9,1674
2024-09-23,0 wk ahead inc case,2024-09-21,BE,quantile,0.55,1390
2024-09-23,1 wk ahead inc case,2024-09-28,BE,quantile,0.65,1471
2024-09-23,0 wk ahead inc case,2024-09-21,BE,quantile,0.35,1344
2024-09-23,0 wk ahead inc case,2024-09-21,BE,quantile,0.4,1356
2024-09-23,0 wk ahead inc case,2024-09-21,BE,quantile,0.45,1367
2024-09-23,0 wk ahead inc case,2024-09-21,BE,quantile,0.5,1379
2024-09-23,3 wk ahead inc case,2024-10-12,BE,quantile,0.01,1122
2024-09-23,2 wk ahead inc case,2024-10-05,BE,quantile,0.6,1490
2024-09-23,2 wk ahead inc case,2024-10-05,BE,quantile,0.65,1510
2024-09-23,2 wk ahead inc case,2024-10-05,BE,quantile,0.7,1533
2024-09-23,1 wk ahead inc case,2024-09-28,BE,quantile,0.7,1488
2024-09-23,1 wk ahead inc case,2024-09-28,BE,quantile,0.975,1681
2024-09-23,3 wk ahead inc case,2024-10-12,BE,quantile,0.35,1392
2024-09-23,3 wk ahead inc case,2024-10-12,BE,quantile,0.4,1413
2024-09-23,1 wk ahead inc case,2024-09-28,BE,quantile,0.95,1637
2024-09-23,0 wk ahead inc case,2024-09-21,BE,quantile,0.3,1332
2024-09-23,3 wk ahead inc case,2024-10-12,BE,quantile,0.7,1542
2024-09-23,1 wk ahead inc case,2024-09-28,BE,quantile,0.35,1377
2024-09-23,1 wk ahead inc case,2024-09-28,BE,quantile,0.4,1393
2024-09-23,1 wk ahead inc case,2024-09-28,BE,quantile,0.45,1407
2024-09-23,1 wk ahead inc case,2024-09-28,BE,quantile,0.5,1422
2024-09-23,1 wk ahead inc case,2024-09-28,BE,quantile,0.85,1552
2024-09-23,1 wk ahead inc case,2024-09-28,BE,quantile,0.9,1584
2024-09-23,1 wk ahead inc case,2024-09-28,BE,quantile,0.99,1739
2024-09-23,0 wk ahead inc case,2024-09-21,BE,quantile,0.25,1319
2024-09-23,3 wk ahead inc case,2024-10-12,BE,quantile,0.75,1565
2024-09-23,3 wk ahead inc case,2024-10-12,BE,quantile,0.6,1496
2024-09-23,2 wk ahead inc case,2024-10-05,BE,quantile,0.5,1450
2024-09-23,3 wk ahead inc case,2024-10-12,BE,quantile,0.85,1631
2024-09-23,2 wk ahead inc case,2024-10-05,BE,quantile,0.75,1558
2024-09-23,2 wk ahead inc case,2024-10-05,BE,quantile,0.8,1583
2024-09-23,2 wk ahead inc case,2024-10-05,BE,quantile,0.85,1617
2024-09-23,1 wk ahead inc case,2024-09-28,BE,quantile,0.01,1175
2024-09-23,1 wk ahead inc case,2024-09-28,BE,quantile,0.25,1344
2024-09-23,3 wk ahead inc case,2024-10-12,BE,quantile,0.65,1518
2024-09-23,3 wk ahead inc case,2024-10-12,BE,quantile,0.8,1595
2024-09-23,3 wk ahead inc case,2024-10-12,BE,quantile,0.55,1474
2024-09-23,1 wk ahead inc case,2024-09-28,BE,quantile,0.3,1362
2024-09-23,1 wk ahead inc case,2024-09-28,BE,quantile,0.55,1438
2024-09-23,3 wk ahead inc case,2024-10-12,BE,quantile,0.5,1453
2024-09-23,2 wk ahead inc case,2024-10-05,BE,quantile,0.01,1145
2024-09-23,1 wk ahead inc case,2024-09-28,BE,quantile,0.025,1208
2024-09-23,2 wk ahead inc case,2024-10-05,BE,quantile,0.99,1846
2024-09-23,3 wk ahead inc case,2024-10-12,BE,quantile,0.45,1434
2024-09-23,1 wk ahead inc case,2024-09-28,BE,quantile,0.75,1506
2024-09-23,1 wk ahead inc case,2024-09-28,BE,quantile,0.8,1526
2024-09-23,2 wk ahead inc case,2024-10-05,BE,quantile,0.45,1431
2024-09-23,2 wk ahead inc case,2024-10-05,BE,quantile,0.9,1658
2024-09-23,1 wk ahead inc case,2024-09-28,BE,quantile,0.1,1278
2024-09-23,2 wk ahead inc case,2024-10-05,BE,quantile,0.25,1352
2024-09-23,1 wk ahead inc case,2024-09-28,BE,quantile,0.15,1304
2024-09-23,2 wk ahead inc case,2024-10-05,BE,quantile,0.3,1373
2024-09-23,1 wk ahead inc case,2024-09-28,BE,quantile,0.2,1327
2024-09-23,2 wk ahead inc case,2024-10-05,BE,quantile,0.4,1413
2024-09-23,2 wk ahead inc case,2024-10-05,BE,quantile,0.95,1720
2024-09-23,2 wk ahead inc case,2024-10-05,BE,quantile,0.975,1776
2024-09-23,2 wk ahead inc case,2024-10-05,BE,quantile,0.35,1393
2024-09-23,2 wk ahead inc case,2024-10-05,BE,quantile,0.2,1327
2024-09-23,2 wk ahead inc case,2024-10-05,BE,quantile,0.15,1302
2024-09-23,1 wk ahead inc case,2024-09-28,BE,quantile,0.05,1239
2024-09-23,2 wk ahead inc case,2024-10-05,BE,quantile,0.1,1271
2024-09-23,2 wk ahead inc case,2024-10-05,BE,quantile,0.05,1222
2024-09-23,2 wk ahead inc case,2024-10-05,BE,quantile,0.025,1183
2024-09-23,2 wk ahead inc case,2024-10-05,BG,quantile,0.55,741
2024-09-23,2 wk ahead inc case,2024-10-05,BG,quantile,0.5,714
2024-09-23,2 wk ahead inc case,2024-10-05,BG,quantile,0.45,687
2024-09-23,2 wk ahead inc case,2024-10-05,BG,quantile,0.65,800
2024-09-23,2 wk ahead inc case,2024-10-05,BG,quantile,0.6,769
2024-09-23,3 wk ahead inc case,2024-10-12,BG,quantile,0.5,726
2024-09-23,2 wk ahead inc case,2024-10-05,BG,quantile,0.3,611
2024-09-23,1 wk ahead inc case,2024-09-28,BG,quantile,0.4,721
2024-09-23,1 wk ahead inc case,2024-09-28,BG,quantile,0.45,747
2024-09-23,1 wk ahead inc case,2024-09-28,BG,quantile,0.5,774
2024-09-23,1 wk ahead inc case,2024-09-28,BG,quantile,0.3,672
2024-09-23,2 wk ahead inc case,2024-10-05,BG,quantile,0.4,663
2024-09-23,2 wk ahead inc case,2024-10-05,BG,quantile,0.25,586
2024-09-23,2 wk ahead inc case,2024-10-05,BG,quantile,0.7,833
2024-09-23,1 wk ahead inc case,2024-09-28,BG,quantile,0.1,544
2024-09-23,1 wk ahead inc case,2024-09-28,BG,quantile,0.15,584
2024-09-23,1 wk ahead inc case,2024-09-28,BG,quantile,0.25,645
2024-09-23,3 wk ahead inc case,2024-10-12,BG,quantile,0.55,744
2024-09-23,1 wk ahead inc case,2024-09-28,BG,quantile,0.6,829
2024-09-23,1 wk ahead inc case,2024-09-28,BG,quantile,0.35,697
2024-09-23,2 wk ahead inc case,2024-10-05,BG,quantile,0.2,560
2024-09-23,1 wk ahead inc case,2024-09-28,BG,quantile,0.2,616
2024-09-23,1 wk ahead inc case,2024-09-28,BG,quantile,0.01,407
2024-09-23,1 wk ahead inc case,2024-09-28,BG,quantile,0.05,493
2024-09-23,1 wk ahead inc case,2024-09-28,BG,quantile,0.55,800
2024-09-23,2 wk ahead inc case,2024-10-05,BG,quantile,0.35,639
2024-09-23,1 wk ahead inc case,2024-09-28,BG,quantile,0.975,1299
2024-09-23,1 wk ahead inc case,2024-09-28,BG,quantile,0.99,1429
2024-09-23,1 wk ahead inc case,2024-09-28,BG,quantile,0.9,1089
2024-09-23,1 wk ahead inc case,2024-09-28,BG,quantile,0.95,1191
2024-09-23,1 wk ahead inc case,2024-09-28,BG,quantile,0.025,453
2024-09-23,2 wk ahead inc case,2024-10-05,BG,quantile,0.75,872
2024-09-23,2 wk ahead inc case,2024-10-05,BG,quantile,0.15,527
2024-09-23,3 wk ahead inc case,2024-10-12,BG,quantile,0.9,962
2024-09-23,3 wk ahead inc case,2024-10-12,BG,quantile,0.95,1044
2024-09-23,1 wk ahead inc case,2024-09-28,BG,quantile,0.65,859
2024-09-23,1 wk ahead inc case,2024-09-28,BG,quantile,0.7,890
2024-09-23,1 wk ahead inc case,2024-09-28,BG,quantile,0.85,1018
2024-09-23,1 wk ahead inc case,2024-09-28,BG,quantile,0.75,926
2024-09-23,3 wk ahead inc case,2024-10-12,BG,quantile,0.7,811
2024-09-23,1 wk ahead inc case,2024-09-28,BG,quantile,0.8,964
2024-09-23,3 wk ahead inc case,2024-10-12,BG,quantile,0.3,647
2024-09-23,3 wk ahead inc case,2024-10-12,BG,quantile,0.35,666
2024-09-23,3 wk ahead inc case,2024-10-12,BG,quantile,0.4,685
2024-09-23,2 wk ahead inc case,2024-10-05,BG,quantile,0.8,914
2024-09-23,2 wk ahead inc case,2024-10-05,BG,quantile,0.85,969
2024-09-23,2 wk ahead inc case,2024-10-05,BG,quantile,0.9,1043
2024-09-23,3 wk ahead inc case,2024-10-12,BG,quantile,0.75,838
2024-09-23,3 wk ahead inc case,2024-10-12,BG,quantile,0.8,869
2024-09-23,3 wk ahead inc case,2024-10-12,BG,quantile,0.85,910
2024-09-23,3 wk ahead inc case,2024-10-12,BG,quantile,0.975,1120
2024-09-23,3 wk ahead inc case,2024-10-12,BG,quantile,0.99,1224
2024-09-23,0 wk ahead inc case,2024-09-21,BG,quantile,0.5,718
2024-09-23,0 wk ahead inc case,2024-09-21,BG,quantile,0.6,749
2024-09-23,0 wk ahead inc case,2024-09-21,BG,quantile,0.65,768
2024-09-23,0 wk ahead inc case,2024-09-21,BG,quantile,0.55,733
2024-09-23,0 wk ahead inc case,2024-09-21,BG,quantile,0.7,786
2024-09-23,0 wk ahead inc case,2024-09-21,BG,quantile,0.45,701
2024-09-23,0 wk ahead inc case,2024-09-21,BG,quantile,0.35,670
2024-09-23,2 wk ahead inc case,2024-10-05,BG,quantile,0.05,440
2024-09-23,2 wk ahead inc case,2024-10-05,BG,quantile,0.1,491
2024-09-23,2 wk ahead inc case,2024-10-05,BG,quantile,0.95,1159
2024-09-23,2 wk ahead inc case,2024-10-05,BG,quantile,0.99,1439
2024-09-23,3 wk ahead inc case,2024-10-12,BG,quantile,0.1,545
2024-09-23,3 wk ahead inc case,2024-10-12,BG,quantile,0.15,577
2024-09-23,3 wk ahead inc case,2024-10-12,BG,quantile,0.45,706
2024-09-23,0 wk ahead inc case,2024-09-21,BG,quantile,0.4,687
2024-09-23,0 wk ahead inc case,2024-09-21,BG,quantile,0.99,1070
2024-09-23,2 wk ahead inc case,2024-10-05,BG,quantile,0.025,397
2024-09-23,2 wk ahead inc case,2024-10-05,BG,quantile,0.975,1274
2024-09-23,0 wk ahead inc case,2024-09-21,BG,quantile,0.9,895
2024-09-23,3 wk ahead inc case,2024-10-12,BG,quantile,0.6,765
2024-09-23,3 wk ahead inc case,2024-10-12,BG,quantile,0.65,788
2024-09-23,0 wk ahead inc case,2024-09-21,BG,quantile,0.85,857
2024-09-23,0 wk ahead inc case,2024-09-21,BG,quantile,0.975,1003
2024-09-23,0 wk ahead inc case,2024-09-21,BG,quantile,0.95,954
2024-09-23,3 wk ahead inc case,2024-10-12,BG,quantile,0.2,603
2024-09-23,3 wk ahead inc case,2024-10-12,BG,quantile,0.25,626
2024-09-23,0 wk ahead inc case,2024-09-21,BG,quantile,0.1,570
2024-09-23,0 wk ahead inc case,2024-09-21,BG,quantile,0.25,638
2024-09-23,2 wk ahead inc case,2024-10-05,BG,quantile,0.01,354
2024-09-23,3 wk ahead inc case,2024-10-12,BG,quantile,0.05,503
2024-09-23,0 wk ahead inc case,2024-09-21,BG,quantile,0.05,535
2024-09-23,0 wk ahead inc case,2024-09-21,BG,quantile,0.15,597
2024-09-23,0 wk ahead inc case,2024-09-21,BG,quantile,0.2,618
2024-09-23,0 wk ahead inc case,2024-09-21,BG,quantile,0.3,655
2024-09-23,0 wk ahead inc case,2024-09-21,BG,quantile,0.8,829
2024-09-23,3 wk ahead inc case,2024-10-12,BG,quantile,0.025,471
2024-09-23,3 wk ahead inc case,2024-10-12,BG,quantile,0.01,437
2024-09-23,0 wk ahead inc case,2024-09-21,BG,quantile,0.75,806
2024-09-23,0 wk ahead inc case,2024-09-21,BG,quantile,0.025,505
2024-09-23,0 wk ahead inc case,2024-09-21,BG,quantile,0.01,475
2024-09-23,3 wk ahead inc case,2024-10-12,CZ,quantile,0.55,2555
2024-09-23,3 wk ahead inc case,2024-10-12,CZ,quantile,0.6,2598
2024-09-23,3 wk ahead inc case,2024-10-12,CZ,quantile,0.1,2091
2024-09-23,0 wk ahead inc case,2024-09-21,CZ,quantile,0.025,2674
2024-09-23,0 wk ahead inc case,2024-09-21,CZ,quantile,0.05,2784
2024-09-23,3 wk ahead inc case,2024-10-12,CZ,quantile,0.01,1808
2024-09-23,0 wk ahead inc case,2024-09-21,CZ,quantile,0.1,2933
2024-09-23,0 wk ahead inc case,2024-09-21,CZ,quantile,0.15,3042
2024-09-23,3 wk ahead inc case,2024-10-12,CZ,quantile,0.4,2423
2024-09-23,3 wk ahead inc case,2024-10-12,CZ,quantile,0.05,1991
2024-09-23,3 wk ahead inc case,2024-10-12,CZ,quantile,0.35,2380
2024-09-23,3 wk ahead inc case,2024-10-12,CZ,quantile,0.025,1907
2024-09-23,3 wk ahead inc case,2024-10-12,CZ,quantile,0.45,2466
2024-09-23,3 wk ahead inc case,2024-10-12,CZ,quantile,0.3,2328
2024-09-23,3 wk ahead inc case,2024-10-12,CZ,quantile,0.5,2510
2024-09-23,0 wk ahead inc case,2024-09-21,CZ,quantile,0.2,3130
2024-09-23,3 wk ahead inc case,2024-10-12,CZ,quantile,0.2,2223
2024-09-23,3 wk ahead inc case,2024-10-12,CZ,quantile,0.25,2279
2024-09-23,0 wk ahead inc case,2024-09-21,CZ,quantile,0.01,2541
2024-09-23,0 wk ahead inc case,2024-09-21,CZ,quantile,0.25,3201
2024-09-23,3 wk ahead inc case,2024-10-12,CZ,quantile,0.65,2648
2024-09-23,3 wk ahead inc case,2024-10-12,CZ,quantile,0.15,2163
2024-09-23,0 wk ahead inc case,2024-09-21,CZ,quantile,0.35,3327
2024-09-23,3 wk ahead inc case,2024-10-12,CZ,quantile,0.7,2701
2024-09-23,0 wk ahead inc case,2024-09-21,CZ,quantile,0.3,3269
2024-09-23,1 wk ahead inc case,2024-09-28,CZ,quantile,0.99,4367
2024-09-23,0 wk ahead inc case,2024-09-21,CZ,quantile,0.4,3393
2024-09-23,0 wk ahead inc case,2024-09-21,CZ,quantile,0.45,3454
2024-09-23,1 wk ahead inc case,2024-09-28,CZ,quantile,0.975,4051
2024-09-23,0 wk ahead inc case,2024-09-21,CZ,quantile,0.55,3577
2024-09-23,0 wk ahead inc case,2024-09-21,CZ,quantile,0.6,3644
2024-09-23,1 wk ahead inc case,2024-09-28,CZ,quantile,0.5,2802
2024-09-23,1 wk ahead inc case,2024-09-28,CZ,quantile,0.7,3094
2024-09-23,3 wk ahead inc case,2024-10-12,CZ,quantile,0.75,2759
2024-09-23,1 wk ahead inc case,2024-09-28,CZ,quantile,0.55,2872
2024-09-23,1 wk ahead inc case,2024-09-28,CZ,quantile,0.95,3830
2024-09-23,0 wk ahead inc case,2024-09-21,CZ,quantile,0.5,3515
2024-09-23,1 wk ahead inc case,2024-09-28,CZ,quantile,0.8,3291
2024-09-23,1 wk ahead inc case,2024-09-28,CZ,quantile,0.85,3408
2024-09-23,0 wk ahead inc case,2024-09-21,CZ,quantile,0.65,3713
2024-09-23,1 wk ahead inc case,2024-09-28,CZ,quantile,0.9,3565
2024-09-23,1 wk ahead inc case,2024-09-28,CZ,quantile,0.65,3011
2024-09-23,1 wk ahead inc case,2024-09-28,CZ,quantile,0.45,2734
2024-09-23,1 wk ahead inc case,2024-09-28,CZ,quantile,0.75,3180
2024-09-23,1 wk ahead inc case,2024-09-28,CZ,quantile,0.6,2935
2024-09-23,0 wk ahead inc case,2024-09-21,CZ,quantile,0.975,4631
2024-09-23,3 wk ahead inc case,2024-10-12,CZ,quantile,0.8,2826
2024-09-23,1 wk ahead inc case,2024-09-28,CZ,quantile,0.25,2464
2024-09-23,1 wk ahead inc case,2024-09-28,CZ,quantile,0.35,2603
2024-09-23,3 wk ahead inc case,2024-10-12,CZ,quantile,0.99,3500
2024-09-23,2 wk ahead inc case,2024-10-05,CZ,quantile,0.35,1480
2024-09-23,0 wk ahead inc case,2024-09-21,CZ,quantile,0.85,4066
2024-09-23,2 wk ahead inc case,2024-10-05,CZ,quantile,0.2,1223
2024-09-23,2 wk ahead inc case,2024-10-05,CZ,quantile,0.3,1396
2024-09-23,1 wk ahead inc case,2024-09-28,CZ,quantile,0.4,2667
2024-09-23,0 wk ahead inc case,2024-09-21,CZ,quantile,0.95,4444
2024-09-23,3 wk ahead inc case,2024-10-12,CZ,quantile,0.975,3314
2024-09-23,3 wk ahead inc case,2024-10-12,CZ,quantile,0.9,3009
2024-09-23,0 wk ahead inc case,2024-09-21,CZ,quantile,0.99,4882
2024-09-23,1 wk ahead inc case,2024-09-28,CZ,quantile,0.3,2533
2024-09-23,3 wk ahead inc case,2024-10-12,CZ,quantile,0.95,3167
2024-09-23,3 wk ahead inc case,2024-10-12,CZ,quantile,0.85,2909
2024-09-23,0 wk ahead inc case,2024-09-21,CZ,quantile,0.9,4215
2024-09-23,0 wk ahead inc case,2024-09-21,CZ,quantile,0.8,3957
2024-09-23,2 wk ahead inc case,2024-10-05,CZ,quantile,0.025,760
2024-09-23,0 wk ahead inc case,2024-09-21,CZ,quantile,0.75,3862
2024-09-23,2 wk ahead inc case,2024-10-05,CZ,quantile,0.85,2724
2024-09-23,1 wk ahead inc case,2024-09-28,CZ,quantile,0.2,2389
2024-09-23,1 wk ahead inc case,2024-09-28,CZ,quantile,0.15,2303
2024-09-23,2 wk ahead inc case,2024-10-05,CZ,quantile,0.55,1837
2024-09-23,0 wk ahead inc case,2024-09-21,CZ,quantile,0.7,3780
2024-09-23,2 wk ahead inc case,2024-10-05,CZ,quantile,0.45,1648
2024-09-23,1 wk ahead inc case,2024-09-28,CZ,quantile,0.1,2206
2024-09-23,1 wk ahead inc case,2024-09-28,CZ,quantile,0.05,2062
2024-09-23,2 wk ahead inc case,2024-10-05,CZ,quantile,0.05,870
2024-09-23,2 wk ahead inc case,2024-10-05,CZ,quantile,0.4,1564
2024-09-23,2 wk ahead inc case,2024-10-05,CZ,quantile,0.6,1941
2024-09-23,2 wk ahead inc case,2024-10-05,CZ,quantile,0.1,1017
2024-09-23,2 wk ahead inc case,2024-10-05,CZ,quantile,0.65,2057
2024-09-23,2 wk ahead inc case,2024-10-05,CZ,quantile,0.9,3025
2024-09-23,2 wk ahead inc case,2024-10-05,CZ,quantile,0.5,1743
2024-09-23,2 wk ahead inc case,2024-10-05,CZ,quantile,0.01,648
2024-09-23,2 wk ahead inc case,2024-10-05,CZ,quantile,0.25,1314
2024-09-23,2 wk ahead inc case,2024-10-05,CZ,quantile,0.15,1115
2024-09-23,1 wk ahead inc case,2024-09-28,CZ,quantile,0.025,1938
2024-09-23,2 wk ahead inc case,2024-10-05,CZ,quantile,0.7,2189
2024-09-23,2 wk ahead inc case,2024-10-05,CZ,quantile,0.75,2336
2024-09-23,2 wk ahead inc case,2024-10-05,CZ,quantile,0.99,4689
2024-09-23,1 wk ahead inc case,2024-09-28,CZ,quantile,0.01,1816
2024-09-23,2 wk ahead inc case,2024-10-05,CZ,quantile,0.8,2506
2024-09-23,2 wk ahead inc case,2024-10-05,CZ,quantile,0.975,3976
2024-09-23,2 wk ahead inc case,2024-10-05,CZ,quantile,0.95,3531
2024-09-23,3 wk ahead inc case,2024-10-12,GR,quantile,0.3,3733
2024-09-23,3 wk ahead inc case,2024-10-12,GR,quantile,0.2,3431
2024-09-23,3 wk ahead inc case,2024-10-12,GR,quantile,0.25,3582
2024-09-23,3 wk ahead inc case,2024-10-12,GR,quantile,0.35,3859
2024-09-23,3 wk ahead inc case,2024-10-12,GR,quantile,0.15,3267
2024-09-23,3 wk ahead inc case,2024-10-12,GR,quantile,0.45,4139
2024-09-23,3 wk ahead inc case,2024-10-12,GR,quantile,0.4,3996
2024-09-23,3 wk ahead inc case,2024-10-12,GR,quantile,0.65,4722
2024-09-23,3 wk ahead inc case,2024-10-12,GR,quantile,0.7,4895
2024-09-23,3 wk ahead inc case,2024-10-12,GR,quantile,0.9,5961
2024-09-23,3 wk ahead inc case,2024-10-12,GR,quantile,0.1,3067
2024-09-23,3 wk ahead inc case,2024-10-12,GR,quantile,0.01,2335
2024-09-23,2 wk ahead inc case,2024-10-05,GR,quantile,0.01,1926
2024-09-23,3 wk ahead inc case,2024-10-12,GR,quantile,0.99,7793
2024-09-23,3 wk ahead inc case,2024-10-12,GR,quantile,0.025,2587
2024-09-23,2 wk ahead inc case,2024-10-05,GR,quantile,0.025,2137
2024-09-23,3 wk ahead inc case,2024-10-12,GR,quantile,0.85,5591
2024-09-23,0 wk ahead inc case,2024-09-21,GR,quantile,0.5,3897
2024-09-23,0 wk ahead inc case,2024-09-21,GR,quantile,0.55,4017
2024-09-23,3 wk ahead inc case,2024-10-12,GR,quantile,0.05,2781
2024-09-23,3 wk ahead inc case,2024-10-12,GR,quantile,0.5,4278
2024-09-23,3 wk ahead inc case,2024-10-12,GR,quantile,0.75,5081
2024-09-23,3 wk ahead inc case,2024-10-12,GR,quantile,0.8,5312
2024-09-23,3 wk ahead inc case,2024-10-12,GR,quantile,0.95,6531
2024-09-23,3 wk ahead inc case,2024-10-12,GR,quantile,0.6,4562
2024-09-23,2 wk ahead inc case,2024-10-05,GR,quantile,0.05,2367
2024-09-23,3 wk ahead inc case,2024-10-12,GR,quantile,0.55,4417
2024-09-23,0 wk ahead inc case,2024-09-21,GR,quantile,0.45,3775
2024-09-23,3 wk ahead inc case,2024-10-12,GR,quantile,0.975,7076
2024-09-23,2 wk ahead inc case,2024-10-05,GR,quantile,0.1,2664
2024-09-23,0 wk ahead inc case,2024-09-21,GR,quantile,0.6,4150
2024-09-23,2 wk ahead inc case,2024-10-05,GR,quantile,0.15,2860
2024-09-23,0 wk ahead inc case,2024-09-21,GR,quantile,0.01,2156
2024-09-23,2 wk ahead inc case,2024-10-05,GR,quantile,0.2,3035
2024-09-23,2 wk ahead inc case,2024-10-05,GR,quantile,0.3,3352
2024-09-23,0 wk ahead inc case,2024-09-21,GR,quantile,0.4,3655
2024-09-23,2 wk ahead inc case,2024-10-05,GR,quantile,0.25,3199
2024-09-23,2 wk ahead inc case,2024-10-05,GR,quantile,0.975,7107
2024-09-23,0 wk ahead inc case,2024-09-21,GR,quantile,0.35,3538
2024-09-23,0 wk ahead inc case,2024-09-21,GR,quantile,0.25,3298
2024-09-23,2 wk ahead inc case,2024-10-05,GR,quantile,0.6,4217
2024-09-23,1 wk ahead inc case,2024-09-28,GR,quantile,0.01,2055
2024-09-23,1 wk ahead inc case,2024-09-28,GR,quantile,0.95,6240
2024-09-23,2 wk ahead inc case,2024-10-05,GR,quantile,0.99,8033
2024-09-23,1 wk ahead inc case,2024-09-28,GR,quantile,0.9,5638
2024-09-23,1 wk ahead inc case,2024-09-28,GR,quantile,0.025,2268
2024-09-23,1 wk ahead inc case,2024-09-28,GR,quantile,0.85,5256
2024-09-23,0 wk ahead inc case,2024-09-21,GR,quantile,0.1,2822
2024-09-23,0 wk ahead inc case,2024-09-21,GR,quantile,0.15,3000
2024-09-23,0 wk ahead inc case,2024-09-21,GR,quantile,0.2,3166
2024-09-23,1 wk ahead inc case,2024-09-28,GR,quantile,0.05,2479
2024-09-23,0 wk ahead inc case,2024-09-21,GR,quantile,0.65,4303
2024-09-23,0 wk ahead inc case,2024-09-21,GR,quantile,0.75,4639
2024-09-23,1 wk ahead inc case,2024-09-28,GR,quantile,0.99,7652
2024-09-23,2 wk ahead inc case,2024-10-05,GR,quantile,0.65,4388
2024-09-23,1 wk ahead inc case,2024-09-28,GR,quantile,0.1,2727
2024-09-23,2 wk ahead inc case,2024-10-05,GR,quantile,0.35,3487
2024-09-23,2 wk ahead inc case,2024-10-05,GR,quantile,0.4,3637
2024-09-23,2 wk ahead inc case,2024-10-05,GR,quantile,0.5,3904
2024-09-23,2 wk ahead inc case,2024-10-05,GR,quantile,0.55,4058
2024-09-23,1 wk ahead inc case,2024-09-28,GR,quantile,0.75,4732
2024-09-23,1 wk ahead inc case,2024-09-28,GR,quantile,0.8,4966
2024-09-23,0 wk ahead inc case,2024-09-21,GR,quantile,0.7,4464
2024-09-23,2 wk ahead inc case,2024-10-05,GR,quantile,0.7,4570
2024-09-23,0 wk ahead inc case,2024-09-21,GR,quantile,0.05,2574
2024-09-23,0 wk ahead inc case,2024-09-21,GR,quantile,0.99,6889
2024-09-23,2 wk ahead inc case,2024-10-05,GR,quantile,0.75,4767
2024-09-23,2 wk ahead inc case,2024-10-05,GR,quantile,0.8,5013
2024-09-23,0 wk ahead inc case,2024-09-21,GR,quantile,0.3,3424
2024-09-23,0 wk ahead inc case,2024-09-21,GR,quantile,0.025,2362
2024-09-23,1 wk ahead inc case,2024-09-28,GR,quantile,0.15,2915
2024-09-23,2 wk ahead inc case,2024-10-05,GR,quantile,0.45,3769
2024-09-23,0 wk ahead inc case,2024-09-21,GR,quantile,0.8,4847
2024-09-23,0 wk ahead inc case,2024-09-21,GR,quantile,0.975,6299
2024-09-23,1 wk ahead inc case,2024-09-28,GR,quantile,0.975,6842
2024-09-23,0 wk ahead inc case,2024-09-21,GR,quantile,0.85,5058
2024-09-23,0 wk ahead inc case,2024-09-21,GR,quantile,0.9,5389
2024-09-23,0 wk ahead inc case,2024-09-21,GR,quantile,0.95,5895
2024-09-23,2 wk ahead inc case,2024-10-05,GR,quantile,0.85,5326
2024-09-23,1 wk ahead inc case,2024-09-28,GR,quantile,0.55,4053
2024-09-23,1 wk ahead inc case,2024-09-28,GR,quantile,0.4,3653
2024-09-23,1 wk ahead inc case,2024-09-28,GR,quantile,0.5,3915
2024-09-23,1 wk ahead inc case,2024-09-28,GR,quantile,0.35,3507
2024-09-23,2 wk ahead inc case,2024-10-05,GR,quantile,0.95,6428
2024-09-23,1 wk ahead inc case,2024-09-28,GR,quantile,0.45,3787
2024-09-23,1 wk ahead inc case,2024-09-28,GR,quantile,0.6,4203
2024-09-23,1 wk ahead inc case,2024-09-28,GR,quantile,0.2,3076
2024-09-23,1 wk ahead inc case,2024-09-28,GR,quantile,0.25,3226
2024-09-23,2 wk ahead inc case,2024-10-05,GR,quantile,0.9,5718
2024-09-23,1 wk ahead inc case,2024-09-28,GR,quantile,0.3,3380
2024-09-23,1 wk ahead inc case,2024-09-28,GR,quantile,0.7,4539
2024-09-23,1 wk ahead inc case,2024-09-28,GR,quantile,0.65,4366
2024-09-23,3 wk ahead inc case,2024-10-12,HR,quantile,0.99,3227
2024-09-23,0 wk ahead inc case,2024-09-21,HR,quantile,0.95,2745
2024-09-23,0 wk ahead inc case,2024-09-21,HR,quantile,0.55,2491
2024-09-23,0 wk ahead inc case,2024-09-21,HR,quantile,0.75,2579
2024-09-23,0 wk ahead inc case,2024-09-21,HR,quantile,0.8,2604
2024-09-23,0 wk ahead inc case,2024-09-21,HR,quantile,0.9,2681
2024-09-23,0 wk ahead inc case,2024-09-21,HR,quantile,0.5,2473
2024-09-23,0 wk ahead inc case,2024-09-21,HR,quantile,0.85,2636
2024-09-23,0 wk ahead inc case,2024-09-21,HR,quantile,0.2,2337
2024-09-23,3 wk ahead inc case,2024-10-12,HR,quantile,0.975,3140
2024-09-23,0 wk ahead inc case,2024-09-21,HR,quantile,0.7,2554
2024-09-23,3 wk ahead inc case,2024-10-12,HR,quantile,0.85,2915
2024-09-23,3 wk ahead inc case,2024-10-12,HR,quantile,0.75,2832
2024-09-23,0 wk ahead inc case,2024-09-21,HR,quantile,0.99,2864
2024-09-23,0 wk ahead inc case,2024-09-21,HR,quantile,0.6,2510
2024-09-23,3 wk ahead inc case,2024-10-12,HR,quantile,0.9,2974
2024-09-23,0 wk ahead inc case,2024-09-21,HR,quantile,0.15,2309
2024-09-23,0 wk ahead inc case,2024-09-21,HR,quantile,0.25,2363
2024-09-23,0 wk ahead inc case,2024-09-21,HR,quantile,0.45,2451
2024-09-23,0 wk ahead inc case,2024-09-21,HR,quantile,0.65,2531
2024-09-23,3 wk ahead inc case,2024-10-12,HR,quantile,0.95,3061
2024-09-23,3 wk ahead inc case,2024-10-12,HR,quantile,0.35,2600
2024-09-23,0 wk ahead inc case,2024-09-21,HR,quantile,0.975,2799
2024-09-23,0 wk ahead inc case,2024-09-21,HR,quantile,0.1,2274
2024-09-23,3 wk ahead inc case,2024-10-12,HR,quantile,0.8,2870
2024-09-23,0 wk ahead inc case,2024-09-21,HR,quantile,0.4,2430
2024-09-23,3 wk ahead inc case,2024-10-12,HR,quantile,0.3,2570
2024-09-23,3 wk ahead inc case,2024-10-12,HR,quantile,0.25,2541
2024-09-23,3 wk ahead inc case,2024-10-12,HR,quantile,0.7,2797
2024-09-23,0 wk ahead inc case,2024-09-21,HR,quantile,0.35,2409
2024-09-23,0 wk ahead inc case,2024-09-21,HR,quantile,0.05,2220
2024-09-23,3 wk ahead inc case,2024-10-12,HR,quantile,0.65,2764
2024-09-23,3 wk ahead inc case,2024-10-12,HR,quantile,0.15,2472
2024-09-23,0 wk ahead inc case,2024-09-21,HR,quantile,0.3,2388
2024-09-23,3 wk ahead inc case,2024-10-12,HR,quantile,0.05,2359
2024-09-23,3 wk ahead inc case,2024-10-12,HR,quantile,0.01,2241
2024-09-23,3 wk ahead inc case,2024-10-12,HR,quantile,0.6,2736
2024-09-23,3 wk ahead inc case,2024-10-12,HR,quantile,0.2,2508
2024-09-23,3 wk ahead inc case,2024-10-12,HR,quantile,0.1,2428
2024-09-23,0 wk ahead inc case,2024-09-21,HR,quantile,0.025,2175
2024-09-23,3 wk ahead inc case,2024-10-12,HR,quantile,0.4,2629
2024-09-23,3 wk ahead inc case,2024-10-12,HR,quantile,0.45,2657
2024-09-23,2 wk ahead inc case,2024-10-05,HR,quantile,0.99,2916
2024-09-23,3 wk ahead inc case,2024-10-12,HR,quantile,0.025,2303
2024-09-23,3 wk ahead inc case,2024-10-12,HR,quantile,0.5,2684
2024-09-23,2 wk ahead inc case,2024-10-05,HR,quantile,0.975,2840
2024-09-23,0 wk ahead inc case,2024-09-21,HR,quantile,0.01,2124
2024-09-23,3 wk ahead inc case,2024-10-12,HR,quantile,0.55,2709
2024-09-23,1 wk ahead inc case,2024-09-28,HR,quantile,0.95,2721
2024-09-23,1 wk ahead inc case,2024-09-28,HR,quantile,0.975,2858
2024-09-23,1 wk ahead inc case,2024-09-28,HR,quantile,0.99,3032
2024-09-23,1 wk ahead inc case,2024-09-28,HR,quantile,0.9,2577
2024-09-23,2 wk ahead inc case,2024-10-05,HR,quantile,0.95,2766
2024-09-23,2 wk ahead inc case,2024-10-05,HR,quantile,0.25,2275
2024-09-23,2 wk ahead inc case,2024-10-05,HR,quantile,0.45,2379
2024-09-23,2 wk ahead inc case,2024-10-05,HR,quantile,0.3,2303
2024-09-23,2 wk ahead inc case,2024-10-05,HR,quantile,0.4,2354
2024-09-23,2 wk ahead inc case,2024-10-05,HR,quantile,0.2,2244
2024-09-23,2 wk ahead inc case,2024-10-05,HR,quantile,0.15,2211
2024-09-23,1 wk ahead inc case,2024-09-28,HR,quantile,0.65,2254
2024-09-23,2 wk ahead inc case,2024-10-05,HR,quantile,0.9,2677
2024-09-23,2 wk ahead inc case,2024-10-05,HR,quantile,0.1,2166
2024-09-23,1 wk ahead inc case,2024-09-28,HR,quantile,0.85,2487
2024-09-23,1 wk ahead inc case,2024-09-28,HR,quantile,0.7,2303
2024-09-23,1 wk ahead inc case,2024-09-28,HR,quantile,0.3,1962
2024-09-23,1 wk ahead inc case,2024-09-28,HR,quantile,0.75,2353
2024-09-23,2 wk ahead inc case,2024-10-05,HR,quantile,0.35,2330
2024-09-23,2 wk ahead inc case,2024-10-05,HR,quantile,0.05,2104
2024-09-23,1 wk ahead inc case,2024-09-28,HR,quantile,0.55,2167
2024-09-23,1 wk ahead inc case,2024-09-28,HR,quantile,0.35,2003
2024-09-23,2 wk ahead inc case,2024-10-05,HR,quantile,0.025,2045
2024-09-23,1 wk ahead inc case,2024-09-28,HR,quantile,0.8,2413
2024-09-23,1 wk ahead inc case,2024-09-28,HR,quantile,0.4,2046
2024-09-23,2 wk ahead inc case,2024-10-05,HR,quantile,0.75,2548
2024-09-23,1 wk ahead inc case,2024-09-28,HR,quantile,0.45,2086
2024-09-23,1 wk ahead inc case,2024-09-28,HR,quantile,0.01,1502
2024-09-23,1 wk ahead inc case,2024-09-28,HR,quantile,0.6,2210
2024-09-23,1 wk ahead inc case,2024-09-28,HR,quantile,0.25,1916
2024-09-23,1 wk ahead inc case,2024-09-28,HR,quantile,0.5,2126
2024-09-23,2 wk ahead inc case,2024-10-05,HR,quantile,0.8,2581
2024-09-23,2 wk ahead inc case,2024-10-05,HR,quantile,0.65,2486
2024-09-23,2 wk ahead inc case,2024-10-05,HR,quantile,0.85,2624
2024-09-23,2 wk ahead inc case,2024-10-05,HR,quantile,0.6,2457
2024-09-23,2 wk ahead inc case,2024-10-05,HR,quantile,0.7,2515
2024-09-23,2 wk ahead inc case,2024-10-05,HR,quantile,0.5,2405
2024-09-23,2 wk ahead inc case,2024-10-05,HR,quantile,0.55,2430
2024-09-23,1 wk ahead inc case,2024-09-28,HR,quantile,0.2,1870
2024-09-23,1 wk ahead inc case,2024-09-28,HR,quantile,0.15,1816
2024-09-23,1 wk ahead inc case,2024-09-28,HR,quantile,0.05,1648
2024-09-23,1 wk ahead inc case,2024-09-28,HR,quantile,0.1,1746
2024-09-23,2 wk ahead inc case,2024-10-05,HR,quantile,0.01,1989
2024-09-23,1 wk ahead inc case,2024-09-28,HR,quantile,0.025,1571
2024-09-23,0 wk ahead inc case,2024-09-21,HU,quantile,0.7,701
2024-09-23,0 wk ahead inc case,2024-09-21,HU,quantile,0.65,678
2024-09-23,0 wk ahead inc case,2024-09-21,HU,quantile,0.8,749
2024-09-23,0 wk ahead inc case,2024-09-21,HU,quantile,0.9,823
2024-09-23,0 wk ahead inc case,2024-09-21,HU,quantile,0.85,782
2024-09-23,0 wk ahead inc case,2024-09-21,HU,quantile,0.75,722
2024-09-23,0 wk ahead inc case,2024-09-21,HU,quantile,0.95,888
2024-09-23,0 wk ahead inc case,2024-09-21,HU,quantile,0.5,624
2024-09-23,0 wk ahead inc case,2024-09-21,HU,quantile,0.45,608
2024-09-23,0 wk ahead inc case,2024-09-21,HU,quantile,0.4,592
2024-09-23,0 wk ahead inc case,2024-09-21,HU,quantile,0.6,659
2024-09-23,1 wk ahead inc case,2024-09-28,HU,quantile,0.01,349
2024-09-23,0 wk ahead inc case,2024-09-21,HU,quantile,0.55,640
2024-09-23,0 wk ahead inc case,2024-09-21,HU,quantile,0.975,946
2024-09-23,0 wk ahead inc case,2024-09-21,HU,quantile,0.35,574
2024-09-23,1 wk ahead inc case,2024-09-28,HU,quantile,0.025,387
2024-09-23,0 wk ahead inc case,2024-09-21,HU,quantile,0.3,558
2024-09-23,2 wk ahead inc case,2024-10-05,HU,quantile,0.5,581
2024-09-23,2 wk ahead inc case,2024-10-05,HU,quantile,0.3,535
2024-09-23,1 wk ahead inc case,2024-09-28,HU,quantile,0.7,755
2024-09-23,2 wk ahead inc case,2024-10-05,HU,quantile,0.2,510
2024-09-23,2 wk ahead inc case,2024-10-05,HU,quantile,0.15,495
2024-09-23,2 wk ahead inc case,2024-10-05,HU,quantile,0.45,570
2024-09-23,2 wk ahead inc case,2024-10-05,HU,quantile,0.55,593
2024-09-23,0 wk ahead inc case,2024-09-21,HU,quantile,0.99,1023
2024-09-23,2 wk ahead inc case,2024-10-05,HU,quantile,0.75,646
2024-09-23,2 wk ahead inc case,2024-10-05,HU,quantile,0.01,405
2024-09-23,2 wk ahead inc case,2024-10-05,HU,quantile,0.25,523
2024-09-23,2 wk ahead inc case,2024-10-05,HU,quantile,0.4,558
2024-09-23,1 wk ahead inc case,2024-09-28,HU,quantile,0.1,459
2024-09-23,0 wk ahead inc case,2024-09-21,HU,quantile,0.25,541
2024-09-23,2 wk ahead inc case,2024-10-05,HU,quantile,0.99,835
2024-09-23,1 wk ahead inc case,2024-09-28,HU,quantile,0.05,417
2024-09-23,2 wk ahead inc case,2024-10-05,HU,quantile,0.35,546
2024-09-23,2 wk ahead inc case,2024-10-05,HU,quantile,0.8,663
2024-09-23,1 wk ahead inc case,2024-09-28,HU,quantile,0.15,490
2024-09-23,1 wk ahead inc case,2024-09-28,HU,quantile,0.75,789
2024-09-23,0 wk ahead inc case,2024-09-21,HU,quantile,0.2,522
2024-09-23,2 wk ahead inc case,2024-10-05,HU,quantile,0.85,683
2024-09-23,2 wk ahead inc case,2024-10-05,HU,quantile,0.975,790
2024-09-23,1 wk ahead inc case,2024-09-28,HU,quantile,0.4,609
2024-09-23,2 wk ahead inc case,2024-10-05,HU,quantile,0.025,432
2024-09-23,2 wk ahead inc case,2024-10-05,HU,quantile,0.1,478
2024-09-23,2 wk ahead inc case,2024-10-05,HU,quantile,0.6,605
2024-09-23,0 wk ahead inc case,2024-09-21,HU,quantile,0.15,499
2024-09-23,1 wk ahead inc case,2024-09-28,HU,quantile,0.8,823
2024-09-23,0 wk ahead inc case,2024-09-21,HU,quantile,0.01,378
2024-09-23,2 wk ahead inc case,2024-10-05,HU,quantile,0.05,453
2024-09-23,2 wk ahead inc case,2024-10-05,HU,quantile,0.65,616
2024-09-23,3 wk ahead inc case,2024-10-12,HU,quantile,0.9,643
2024-09-23,3 wk ahead inc case,2024-10-12,HU,quantile,0.95,679
2024-09-23,3 wk ahead inc case,2024-10-12,HU,quantile,0.85,618
2024-09-23,1 wk ahead inc case,2024-09-28,HU,quantile,0.25,542
2024-09-23,0 wk ahead inc case,2024-09-21,HU,quantile,0.1,474
2024-09-23,2 wk ahead inc case,2024-10-05,HU,quantile,0.9,712
2024-09-23,2 wk ahead inc case,2024-10-05,HU,quantile,0.95,753
2024-09-23,0 wk ahead inc case,2024-09-21,HU,quantile,0.05,437
2024-09-23,3 wk ahead inc case,2024-10-12,HU,quantile,0.8,597
2024-09-23,0 wk ahead inc case,2024-09-21,HU,quantile,0.025,410
2024-09-23,2 wk ahead inc case,2024-10-05,HU,quantile,0.7,631
2024-09-23,3 wk ahead inc case,2024-10-12,HU,quantile,0.99,759
2024-09-23,3 wk ahead inc case,2024-10-12,HU,quantile,0.975,714
2024-09-23,1 wk ahead inc case,2024-09-28,HU,quantile,0.2,517
2024-09-23,1 wk ahead inc case,2024-09-28,HU,quantile,0.5,652
2024-09-23,1 wk ahead inc case,2024-09-28,HU,quantile,0.975,1109
2024-09-23,1 wk ahead inc case,2024-09-28,HU,quantile,0.99,1203
2024-09-23,1 wk ahead inc case,2024-09-28,HU,quantile,0.3,564
2024-09-23,1 wk ahead inc case,2024-09-28,HU,quantile,0.65,726
2024-09-23,1 wk ahead inc case,2024-09-28,HU,quantile,0.55,675
2024-09-23,1 wk ahead inc case,2024-09-28,HU,quantile,0.6,699
2024-09-23,3 wk ahead inc case,2024-10-12,HU,quantile,0.75,581
2024-09-23,1 wk ahead inc case,2024-09-28,HU,quantile,0.45,630
2024-09-23,1 wk ahead inc case,2024-09-28,HU,quantile,0.35,587
2024-09-23,1 wk ahead inc case,2024-09-28,HU,quantile,0.95,1021
2024-09-23,3 wk ahead inc case,2024-10-12,HU,quantile,0.01,353
2024-09-23,3 wk ahead inc case,2024-10-12,HU,quantile,0.25,465
2024-09-23,3 wk ahead inc case,2024-10-12,HU,quantile,0.3,476
2024-09-23,3 wk ahead inc case,2024-10-12,HU,quantile,0.6,543
2024-09-23,1 wk ahead inc case,2024-09-28,HU,quantile,0.9,923
2024-09-23,1 wk ahead inc case,2024-09-28,HU,quantile,0.85,866
2024-09-23,3 wk ahead inc case,2024-10-12,HU,quantile,0.35,487
2024-09-23,3 wk ahead inc case,2024-10-12,HU,quantile,0.4,498
2024-09-23,3 wk ahead inc case,2024-10-12,HU,quantile,0.7,566
2024-09-23,3 wk ahead inc case,2024-10-12,HU,quantile,0.025,376
2024-09-23,3 wk ahead inc case,2024-10-12,HU,quantile,0.15,437
2024-09-23,3 wk ahead inc case,2024-10-12,HU,quantile,0.2,453
2024-09-23,3 wk ahead inc case,2024-10-12,HU,quantile,0.55,531
2024-09-23,3 wk ahead inc case,2024-10-12,HU,quantile,0.65,554
2024-09-23,3 wk ahead inc case,2024-10-12,HU,quantile,0.05,395
2024-09-23,3 wk ahead inc case,2024-10-12,HU,quantile,0.5,520
2024-09-23,3 wk ahead inc case,2024-10-12,HU,quantile,0.1,420
2024-09-23,3 wk ahead inc case,2024-10-12,HU,quantile,0.45,509
2024-09-23,0 wk ahead inc case,2024-09-21,LT,quantile,0.2,6331
2024-09-23,0 wk ahead inc case,2024-09-21,LT,quantile,0.01,5091
2024-09-23,0 wk ahead inc case,2024-09-21,LT,quantile,0.15,6146
2024-09-23,0 wk ahead inc case,2024-09-21,LT,quantile,0.4,6905
2024-09-23,0 wk ahead inc case,2024-09-21,LT,quantile,0.45,7033
2024-09-23,0 wk ahead inc case,2024-09-21,LT,quantile,0.5,7159
2024-09-23,0 wk ahead inc case,2024-09-21,LT,quantile,0.55,7285
2024-09-23,0 wk ahead inc case,2024-09-21,LT,quantile,0.6,7416
2024-09-23,0 wk ahead inc case,2024-09-21,LT,quantile,0.1,5945
2024-09-23,0 wk ahead inc case,2024-09-21,LT,quantile,0.65,7557
2024-09-23,0 wk ahead inc case,2024-09-21,LT,quantile,0.7,7727
2024-09-23,0 wk ahead inc case,2024-09-21,LT,quantile,0.75,7901
2024-09-23,0 wk ahead inc case,2024-09-21,LT,quantile,0.8,8092
2024-09-23,0 wk ahead inc case,2024-09-21,LT,quantile,0.85,8324
2024-09-23,0 wk ahead inc case,2024-09-21,LT,quantile,0.9,8626
2024-09-23,0 wk ahead inc case,2024-09-21,LT,quantile,0.95,9085
2024-09-23,0 wk ahead inc case,2024-09-21,LT,quantile,0.99,10033
2024-09-23,0 wk ahead inc case,2024-09-21,LT,quantile,0.025,5375
2024-09-23,0 wk ahead inc case,2024-09-21,LT,quantile,0.05,5647
2024-09-23,0 wk ahead inc case,2024-09-21,LT,quantile,0.25,6486
2024-09-23,0 wk ahead inc case,2024-09-21,LT,quantile,0.3,6644
2024-09-23,0 wk ahead inc case,2024-09-21,LT,quantile,0.35,6779
2024-09-23,0 wk ahead inc case,2024-09-21,LT,quantile,0.975,9494
2024-09-23,2 wk ahead inc case,2024-10-05,LT,quantile,0.975,7877
2024-09-23,2 wk ahead inc case,2024-10-05,LT,quantile,0.99,8744
2024-09-23,1 wk ahead inc case,2024-09-28,LT,quantile,0.01,3767
2024-09-23,1 wk ahead inc case,2024-09-28,LT,quantile,0.025,4078
2024-09-23,1 wk ahead inc case,2024-09-28,LT,quantile,0.05,4365
2024-09-23,1 wk ahead inc case,2024-09-28,LT,quantile,0.55,6425
2024-09-23,1 wk ahead inc case,2024-09-28,LT,quantile,0.6,6611
2024-09-23,1 wk ahead inc case,2024-09-28,LT,quantile,0.65,6821
2024-09-23,1 wk ahead inc case,2024-09-28,LT,quantile,0.7,7045
2024-09-23,1 wk ahead inc case,2024-09-28,LT,quantile,0.85,7850
2024-09-23,1 wk ahead inc case,2024-09-28,LT,quantile,0.9,8318
2024-09-23,1 wk ahead inc case,2024-09-28,LT,quantile,0.95,9028
2024-09-23,1 wk ahead inc case,2024-09-28,LT,quantile,0.975,9672
2024-09-23,1 wk ahead inc case,2024-09-28,LT,quantile,0.99,10447
2024-09-23,3 wk ahead inc case,2024-10-12,LT,quantile,0.45,3915
2024-09-23,3 wk ahead inc case,2024-10-12,LT,quantile,0.5,4166
2024-09-23,3 wk ahead inc case,2024-10-12,LT,quantile,0.55,4423
2024-09-23,3 wk ahead inc case,2024-10-12,LT,quantile,0.6,4709
2024-09-23,3 wk ahead inc case,2024-10-12,LT,quantile,0.65,5037
2024-09-23,3 wk ahead inc case,2024-10-12,LT,quantile,0.7,5395
2024-09-23,3 wk ahead inc case,2024-10-12,LT,quantile,0.8,6241
2024-09-23,3 wk ahead inc case,2024-10-12,LT,quantile,0.85,6878
2024-09-23,3 wk ahead inc case,2024-10-12,LT,quantile,0.9,7759
2024-09-23,3 wk ahead inc case,2024-10-12,LT,quantile,0.95,9240
2024-09-23,3 wk ahead inc case,2024-10-12,LT,quantile,0.975,10841
2024-09-23,3 wk ahead inc case,2024-10-12,LT,quantile,0.99,12876
2024-09-23,1 wk ahead inc case,2024-09-28,LT,quantile,0.5,6244
2024-09-23,1 wk ahead inc case,2024-09-28,LT,quantile,0.75,7285
2024-09-23,1 wk ahead inc case,2024-09-28,LT,quantile,0.8,7548
2024-09-23,2 wk ahead inc case,2024-10-05,LT,quantile,0.01,2126
2024-09-23,3 wk ahead inc case,2024-10-12,LT,quantile,0.75,5756
2024-09-23,2 wk ahead inc case,2024-10-05,LT,quantile,0.025,2370
2024-09-23,2 wk ahead inc case,2024-10-05,LT,quantile,0.05,2588
2024-09-23,3 wk ahead inc case,2024-10-12,LT,quantile,0.01,1288
2024-09-23,3 wk ahead inc case,2024-10-12,LT,quantile,0.025,1626
2024-09-23,3 wk ahead inc case,2024-10-12,LT,quantile,0.05,1869
2024-09-23,3 wk ahead inc case,2024-10-12,LT,quantile,0.1,2209
2024-09-23,3 wk ahead inc case,2024-10-12,LT,quantile,0.15,2483
2024-09-23,3 wk ahead inc case,2024-10-12,LT,quantile,0.2,2752
2024-09-23,3 wk ahead inc case,2024-10-12,LT,quantile,0.25,2983
2024-09-23,3 wk ahead inc case,2024-10-12,LT,quantile,0.3,3210
2024-09-23,3 wk ahead inc case,2024-10-12,LT,quantile,0.35,3463
2024-09-23,3 wk ahead inc case,2024-10-12,LT,quantile,0.4,3697
2024-09-23,1 wk ahead inc case,2024-09-28,LT,quantile,0.1,4705
2024-09-23,1 wk ahead inc case,2024-09-28,LT,quantile,0.15,4979
2024-09-23,1 wk ahead inc case,2024-09-28,LT,quantile,0.2,5203
2024-09-23,1 wk ahead inc case,2024-09-28,LT,quantile,0.25,5387
2024-09-23,1 wk ahead inc case,2024-09-28,LT,quantile,0.3,5560
2024-09-23,1 wk ahead inc case,2024-09-28,LT,quantile,0.35,5730
2024-09-23,1 wk ahead inc case,2024-09-28,LT,quantile,0.4,5897
2024-09-23,1 wk ahead inc case,2024-09-28,LT,quantile,0.45,6068
2024-09-23,2 wk ahead inc case,2024-10-05,LT,quantile,0.1,2907
2024-09-23,2 wk ahead inc case,2024-10-05,LT,quantile,0.15,3137
2024-09-23,2 wk ahead inc case,2024-10-05,LT,quantile,0.2,3334
2024-09-23,2 wk ahead inc case,2024-10-05,LT,quantile,0.25,3518
2024-09-23,2 wk ahead inc case,2024-10-05,LT,quantile,0.3,3695
2024-09-23,2 wk ahead inc case,2024-10-05,LT,quantile,0.35,3847
2024-09-23,2 wk ahead inc case,2024-10-05,LT,quantile,0.4,4007
2024-09-23,2 wk ahead inc case,2024-10-05,LT,quantile,0.45,4169
2024-09-23,2 wk ahead inc case,2024-10-05,LT,quantile,0.5,4331
2024-09-23,2 wk ahead inc case,2024-10-05,LT,quantile,0.55,4493
2024-09-23,2 wk ahead inc case,2024-10-05,LT,quantile,0.6,4668
2024-09-23,2 wk ahead inc case,2024-10-05,LT,quantile,0.65,4858
2024-09-23,2 wk ahead inc case,2024-10-05,LT,quantile,0.7,5065
2024-09-23,2 wk ahead inc case,2024-10-05,LT,quantile,0.75,5299
2024-09-23,2 wk ahead inc case,2024-10-05,LT,quantile,0.8,5594
2024-09-23,2 wk ahead inc case,2024-10-05,LT,quantile,0.85,5939
2024-09-23,2 wk ahead inc case,2024-10-05,LT,quantile,0.9,6377
2024-09-23,2 wk ahead inc case,2024-10-05,LT,quantile,0.95,7109
2024-09-23,0 wk ahead inc case,2024-09-21,LU,quantile,0.9,211
2024-09-23,0 wk ahead inc case,2024-09-21,LU,quantile,0.95,216
2024-09-23,0 wk ahead inc case,2024-09-21,LU,quantile,0.1,179
2024-09-23,0 wk ahead inc case,2024-09-21,LU,quantile,0.85,208
2024-09-23,0 wk ahead inc case,2024-09-21,LU,quantile,0.15,181
2024-09-23,0 wk ahead inc case,2024-09-21,LU,quantile,0.75,203
2024-09-23,0 wk ahead inc case,2024-09-21,LU,quantile,0.2,184
2024-09-23,0 wk ahead inc case,2024-09-21,LU,quantile,0.8,205
2024-09-23,0 wk ahead inc case,2024-09-21,LU,quantile,0.7,201
2024-09-23,0 wk ahead inc case,2024-09-21,LU,quantile,0.05,174
2024-09-23,0 wk ahead inc case,2024-09-21,LU,quantile,0.25,186
2024-09-23,0 wk ahead inc case,2024-09-21,LU,quantile,0.3,187
2024-09-23,0 wk ahead inc case,2024-09-21,LU,quantile,0.35,189
2024-09-23,0 wk ahead inc case,2024-09-21,LU,quantile,0.65,199
2024-09-23,0 wk ahead inc case,2024-09-21,LU,quantile,0.5,194
2024-09-23,0 wk ahead inc case,2024-09-21,LU,quantile,0.55,196
2024-09-23,0 wk ahead inc case,2024-09-21,LU,quantile,0.99,225
2024-09-23,0 wk ahead inc case,2024-09-21,LU,quantile,0.6,197
2024-09-23,0 wk ahead inc case,2024-09-21,LU,quantile,0.025,171
2024-09-23,3 wk ahead inc case,2024-10-12,LU,quantile,0.25,193
2024-09-23,3 wk ahead inc case,2024-10-12,LU,quantile,0.55,199
2024-09-23,0 wk ahead inc case,2024-09-21,LU,quantile,0.45,193
2024-09-23,0 wk ahead inc case,2024-09-21,LU,quantile,0.4,191
2024-09-23,0 wk ahead inc case,2024-09-21,LU,quantile,0.975,220
2024-09-23,3 wk ahead inc case,2024-10-12,LU,quantile,0.2,191
2024-09-23,3 wk ahead inc case,2024-10-12,LU,quantile,0.4,196
2024-09-23,3 wk ahead inc case,2024-10-12,LU,quantile,0.35,195
2024-09-23,3 wk ahead inc case,2024-10-12,LU,quantile,0.3,194
2024-09-23,3 wk ahead inc case,2024-10-12,LU,quantile,0.6,200
2024-09-23,3 wk ahead inc case,2024-10-12,LU,quantile,0.45,197
2024-09-23,3 wk ahead inc case,2024-10-12,LU,quantile,0.15,190
2024-09-23,3 wk ahead inc case,2024-10-12,LU,quantile,0.025,182
2024-09-23,3 wk ahead inc case,2024-10-12,LU,quantile,0.05,185
2024-09-23,3 wk ahead inc case,2024-10-12,LU,quantile,0.1,188
2024-09-23,0 wk ahead inc case,2024-09-21,LU,quantile,0.01,167
2024-09-23,3 wk ahead inc case,2024-10-12,LU,quantile,0.5,198
2024-09-23,2 wk ahead inc case,2024-10-05,LU,quantile,0.99,248
2024-09-23,3 wk ahead inc case,2024-10-12,LU,quantile,0.01,180
2024-09-23,2 wk ahead inc case,2024-10-05,LU,quantile,0.7,180
2024-09-23,2 wk ahead inc case,2024-10-05,LU,quantile,0.01,105
2024-09-23,2 wk ahead inc case,2024-10-05,LU,quantile,0.75,185
2024-09-23,2 wk ahead inc case,2024-10-05,LU,quantile,0.8,192
2024-09-23,2 wk ahead inc case,2024-10-05,LU,quantile,0.9,208
2024-09-23,2 wk ahead inc case,2024-10-05,LU,quantile,0.95,223
2024-09-23,2 wk ahead inc case,2024-10-05,LU,quantile,0.975,235
2024-09-23,3 wk ahead inc case,2024-10-12,LU,quantile,0.65,201
2024-09-23,2 wk ahead inc case,2024-10-05,LU,quantile,0.85,199
2024-09-23,3 wk ahead inc case,2024-10-12,LU,quantile,0.7,203
2024-09-23,3 wk ahead inc case,2024-10-12,LU,quantile,0.8,205
2024-09-23,2 wk ahead inc case,2024-10-05,LU,quantile,0.025,111
2024-09-23,2 wk ahead inc case,2024-10-05,LU,quantile,0.15,133
2024-09-23,2 wk ahead inc case,2024-10-05,LU,quantile,0.2,138
2024-09-23,2 wk ahead inc case,2024-10-05,LU,quantile,0.3,147
2024-09-23,2 wk ahead inc case,2024-10-05,LU,quantile,0.35,151
2024-09-23,2 wk ahead inc case,2024-10-05,LU,quantile,0.05,118
2024-09-23,3 wk ahead inc case,2024-10-12,LU,quantile,0.75,204
2024-09-23,3 wk ahead inc case,2024-10-12,LU,quantile,0.95,212
2024-09-23,3 wk ahead inc case,2024-10-12,LU,quantile,0.99,219
2024-09-23,2 wk ahead inc case,2024-10-05,LU,quantile,0.4,155
2024-09-23,2 wk ahead inc case,2024-10-05,LU,quantile,0.45,159
2024-09-23,2 wk ahead inc case,2024-10-05,LU,quantile,0.65,175
2024-09-23,2 wk ahead inc case,2024-10-05,LU,quantile,0.6,171
2024-09-23,3 wk ahead inc case,2024-10-12,LU,quantile,0.85,207
2024-09-23,1 wk ahead inc case,2024-09-28,LU,quantile,0.65,198
2024-09-23,1 wk ahead inc case,2024-09-28,LU,quantile,0.7,201
2024-09-23,2 wk ahead inc case,2024-10-05,LU,quantile,0.25,143
2024-09-23,1 wk ahead inc case,2024-09-28,LU,quantile,0.75,205
2024-09-23,2 wk ahead inc case,2024-10-05,LU,quantile,0.1,127
2024-09-23,2 wk ahead inc case,2024-10-05,LU,quantile,0.5,163
2024-09-23,2 wk ahead inc case,2024-10-05,LU,quantile,0.55,167
2024-09-23,3 wk ahead inc case,2024-10-12,LU,quantile,0.9,209
2024-09-23,3 wk ahead inc case,2024-10-12,LU,quantile,0.975,216
2024-09-23,1 wk ahead inc case,2024-09-28,LU,quantile,0.6,195
2024-09-23,1 wk ahead inc case,2024-09-28,LU,quantile,0.8,209
2024-09-23,1 wk ahead inc case,2024-09-28,LU,quantile,0.85,214
2024-09-23,1 wk ahead inc case,2024-09-28,LU,quantile,0.99,250
2024-09-23,1 wk ahead inc case,2024-09-28,LU,quantile,0.975,239
2024-09-23,1 wk ahead inc case,2024-09-28,LU,quantile,0.3,179
2024-09-23,1 wk ahead inc case,2024-09-28,LU,quantile,0.95,230
2024-09-23,1 wk ahead inc case,2024-09-28,LU,quantile,0.5,190
2024-09-23,1 wk ahead inc case,2024-09-28,LU,quantile,0.25,175
2024-09-23,1 wk ahead inc case,2024-09-28,LU,quantile,0.55,192
2024-09-23,1 wk ahead inc case,2024-09-28,LU,quantile,0.9,220
2024-09-23,1 wk ahead inc case,2024-09-28,LU,quantile,0.2,172
2024-09-23,1 wk ahead inc case,2024-09-28,LU,quantile,0.15,168
2024-09-23,1 wk ahead inc case,2024-09-28,LU,quantile,0.35,181
2024-09-23,1 wk ahead inc case,2024-09-28,LU,quantile,0.45,187
2024-09-23,1 wk ahead inc case,2024-09-28,LU,quantile,0.1,163
2024-09-23,1 wk ahead inc case,2024-09-28,LU,quantile,0.01,143
2024-09-23,1 wk ahead inc case,2024-09-28,LU,quantile,0.4,184
2024-09-23,1 wk ahead inc case,2024-09-28,LU,quantile,0.025,150
2024-09-23,1 wk ahead inc case,2024-09-28,LU,quantile,0.05,156
2024-09-23,3 wk ahead inc case,2024-10-12,NL,quantile,0.975,299
2024-09-23,3 wk ahead inc case,2024-10-12,NL,quantile,0.95,281
2024-09-23,3 wk ahead inc case,2024-10-12,NL,quantile,0.99,321
2024-09-23,3 wk ahead inc case,2024-10-12,NL,quantile,0.9,259
2024-09-23,3 wk ahead inc case,2024-10-12,NL,quantile,0.85,246
2024-09-23,2 wk ahead inc case,2024-10-05,NL,quantile,0.9,249
2024-09-23,3 wk ahead inc case,2024-10-12,NL,quantile,0.8,236
2024-09-23,2 wk ahead inc case,2024-10-05,NL,quantile,0.95,265
2024-09-23,1 wk ahead inc case,2024-09-28,NL,quantile,0.6,279
2024-09-23,1 wk ahead inc case,2024-09-28,NL,quantile,0.75,333
2024-09-23,2 wk ahead inc case,2024-10-05,NL,quantile,0.85,238
2024-09-23,1 wk ahead inc case,2024-09-28,NL,quantile,0.55,264
2024-09-23,3 wk ahead inc case,2024-10-12,NL,quantile,0.75,228
2024-09-23,2 wk ahead inc case,2024-10-05,NL,quantile,0.35,186
2024-09-23,2 wk ahead inc case,2024-10-05,NL,quantile,0.4,190
2024-09-23,2 wk ahead inc case,2024-10-05,NL,quantile,0.55,203
2024-09-23,2 wk ahead inc case,2024-10-05,NL,quantile,0.75,223
2024-09-23,1 wk ahead inc case,2024-09-28,NL,quantile,0.65,295
2024-09-23,1 wk ahead inc case,2024-09-28,NL,quantile,0.25,187
2024-09-23,2 wk ahead inc case,2024-10-05,NL,quantile,0.3,182
2024-09-23,2 wk ahead inc case,2024-10-05,NL,quantile,0.5,199
2024-09-23,1 wk ahead inc case,2024-09-28,NL,quantile,0.3,199
2024-09-23,3 wk ahead inc case,2024-10-12,NL,quantile,0.45,192
2024-09-23,1 wk ahead inc case,2024-09-28,NL,quantile,0.85,385
2024-09-23,1 wk ahead inc case,2024-09-28,NL,quantile,0.975,563
2024-09-23,1 wk ahead inc case,2024-09-28,NL,quantile,0.9,426
2024-09-23,2 wk ahead inc case,2024-10-05,NL,quantile,0.6,208
2024-09-23,1 wk ahead inc case,2024-09-28,NL,quantile,0.8,357
2024-09-23,1 wk ahead inc case,2024-09-28,NL,quantile,0.35,212
2024-09-23,1 wk ahead inc case,2024-09-28,NL,quantile,0.4,224
2024-09-23,1 wk ahead inc case,2024-09-28,NL,quantile,0.7,314
2024-09-23,2 wk ahead inc case,2024-10-05,NL,quantile,0.2,172
2024-09-23,2 wk ahead inc case,2024-10-05,NL,quantile,0.25,177
2024-09-23,2 wk ahead inc case,2024-10-05,NL,quantile,0.45,195
2024-09-23,2 wk ahead inc case,2024-10-05,NL,quantile,0.65,212
2024-09-23,2 wk ahead inc case,2024-10-05,NL,quantile,0.8,230
2024-09-23,1 wk ahead inc case,2024-09-28,NL,quantile,0.45,237
2024-09-23,1 wk ahead inc case,2024-09-28,NL,quantile,0.5,250
2024-09-23,1 wk ahead inc case,2024-09-28,NL,quantile,0.95,491
2024-09-23,1 wk ahead inc case,2024-09-28,NL,quantile,0.99,654
2024-09-23,3 wk ahead inc case,2024-10-12,NL,quantile,0.7,220
2024-09-23,3 wk ahead inc case,2024-10-12,NL,quantile,0.4,186
2024-09-23,2 wk ahead inc case,2024-10-05,NL,quantile,0.1,159
2024-09-23,3 wk ahead inc case,2024-10-12,NL,quantile,0.65,214
2024-09-23,2 wk ahead inc case,2024-10-05,NL,quantile,0.975,279
2024-09-23,1 wk ahead inc case,2024-09-28,NL,quantile,0.1,144
2024-09-23,2 wk ahead inc case,2024-10-05,NL,quantile,0.05,150
2024-09-23,2 wk ahead inc case,2024-10-05,NL,quantile,0.99,299
2024-09-23,3 wk ahead inc case,2024-10-12,NL,quantile,0.6,208
2024-09-23,3 wk ahead inc case,2024-10-12,NL,quantile,0.55,202
2024-09-23,3 wk ahead inc case,2024-10-12,NL,quantile,0.35,181
2024-09-23,2 wk ahead inc case,2024-10-05,NL,quantile,0.01,133
2024-09-23,2 wk ahead inc case,2024-10-05,NL,quantile,0.025,141
2024-09-23,1 wk ahead inc case,2024-09-28,NL,quantile,0.15,161
2024-09-23,2 wk ahead inc case,2024-10-05,NL,quantile,0.7,218
2024-09-23,1 wk ahead inc case,2024-09-28,NL,quantile,0.05,123
2024-09-23,3 wk ahead inc case,2024-10-12,NL,quantile,0.5,197
2024-09-23,1 wk ahead inc case,2024-09-28,NL,quantile,0.025,108
2024-09-23,2 wk ahead inc case,2024-10-05,NL,quantile,0.15,166
2024-09-23,1 wk ahead inc case,2024-09-28,NL,quantile,0.2,174
2024-09-23,3 wk ahead inc case,2024-10-12,NL,quantile,0.3,176
2024-09-23,1 wk ahead inc case,2024-09-28,NL,quantile,0.01,93
2024-09-23,3 wk ahead inc case,2024-10-12,NL,quantile,0.25,171
2024-09-23,0 wk ahead inc case,2024-09-21,NL,quantile,0.7,257
2024-09-23,0 wk ahead inc case,2024-09-21,NL,quantile,0.99,460
2024-09-23,3 wk ahead inc case,2024-10-12,NL,quantile,0.01,122
2024-09-23,3 wk ahead inc case,2024-10-12,NL,quantile,0.025,131
2024-09-23,3 wk ahead inc case,2024-10-12,NL,quantile,0.05,140
2024-09-23,0 wk ahead inc case,2024-09-21,NL,quantile,0.65,246
2024-09-23,0 wk ahead inc case,2024-09-21,NL,quantile,0.75,270
2024-09-23,0 wk ahead inc case,2024-09-21,NL,quantile,0.975,408
2024-09-23,3 wk ahead inc case,2024-10-12,NL,quantile,0.2,165
2024-09-23,3 wk ahead inc case,2024-10-12,NL,quantile,0.15,158
2024-09-23,3 wk ahead inc case,2024-10-12,NL,quantile,0.1,150
2024-09-23,0 wk ahead inc case,2024-09-21,NL,quantile,0.8,283
2024-09-23,0 wk ahead inc case,2024-09-21,NL,quantile,0.6,235
2024-09-23,0 wk ahead inc case,2024-09-21,NL,quantile,0.55,226
2024-09-23,0 wk ahead inc case,2024-09-21,NL,quantile,0.95,370
2024-09-23,0 wk ahead inc case,2024-09-21,NL,quantile,0.1,145
2024-09-23,0 wk ahead inc case,2024-09-21,NL,quantile,0.9,326
2024-09-23,0 wk ahead inc case,2024-09-21,NL,quantile,0.5,218
2024-09-23,0 wk ahead inc case,2024-09-21,NL,quantile,0.85,301
2024-09-23,0 wk ahead inc case,2024-09-21,NL,quantile,0.25,176
2024-09-23,0 wk ahead inc case,2024-09-21,NL,quantile,0.45,210
2024-09-23,0 wk ahead inc case,2024-09-21,NL,quantile,0.4,201
2024-09-23,0 wk ahead inc case,2024-09-21,NL,quantile,0.2,166
2024-09-23,0 wk ahead inc case,2024-09-21,NL,quantile,0.35,193
2024-09-23,0 wk ahead inc case,2024-09-21,NL,quantile,0.3,184
2024-09-23,0 wk ahead inc case,2024-09-21,NL,quantile,0.15,155
2024-09-23,0 wk ahead inc case,2024-09-21,NL,quantile,0.01,105
2024-09-23,0 wk ahead inc case,2024-09-21,NL,quantile,0.025,117
2024-09-23,0 wk ahead inc case,2024-09-21,NL,quantile,0.05,129
2024-09-23,1 wk ahead inc case,2024-09-28,NO,quantile,0.35,791
2024-09-23,1 wk ahead inc case,2024-09-28,NO,quantile,0.1,553
2024-09-23,1 wk ahead inc case,2024-09-28,NO,quantile,0.3,749
2024-09-23,1 wk ahead inc case,2024-09-28,NO,quantile,0.2,659
2024-09-23,1 wk ahead inc case,2024-09-28,NO,quantile,0.15,608
2024-09-23,1 wk ahead inc case,2024-09-28,NO,quantile,0.25,707
2024-09-23,1 wk ahead inc case,2024-09-28,NO,quantile,0.4,831
2024-09-23,1 wk ahead inc case,2024-09-28,NO,quantile,0.7,1151
2024-09-23,1 wk ahead inc case,2024-09-28,NO,quantile,0.025,417
2024-09-23,1 wk ahead inc case,2024-09-28,NO,quantile,0.6,1023
2024-09-23,1 wk ahead inc case,2024-09-28,NO,quantile,0.65,1089
2024-09-23,1 wk ahead inc case,2024-09-28,NO,quantile,0.05,479
2024-09-23,1 wk ahead inc case,2024-09-28,NO,quantile,0.75,1223
2024-09-23,1 wk ahead inc case,2024-09-28,NO,quantile,0.8,1308
2024-09-23,1 wk ahead inc case,2024-09-28,NO,quantile,0.01,354
2024-09-23,1 wk ahead inc case,2024-09-28,NO,quantile,0.45,878
2024-09-23,1 wk ahead inc case,2024-09-28,NO,quantile,0.5,924
2024-09-23,1 wk ahead inc case,2024-09-28,NO,quantile,0.55,972
2024-09-23,1 wk ahead inc case,2024-09-28,NO,quantile,0.85,1409
2024-09-23,1 wk ahead inc case,2024-09-28,NO,quantile,0.9,1560
2024-09-23,1 wk ahead inc case,2024-09-28,NO,quantile,0.95,1800
2024-09-23,1 wk ahead inc case,2024-09-28,NO,quantile,0.975,2046
2024-09-23,1 wk ahead inc case,2024-09-28,NO,quantile,0.99,2347
2024-09-23,3 wk ahead inc case,2024-10-12,NO,quantile,0.975,1797
2024-09-23,3 wk ahead inc case,2024-10-12,NO,quantile,0.99,2012
2024-09-23,3 wk ahead inc case,2024-10-12,NO,quantile,0.01,544
2024-09-23,3 wk ahead inc case,2024-10-12,NO,quantile,0.2,822
2024-09-23,3 wk ahead inc case,2024-10-12,NO,quantile,0.25,862
2024-09-23,3 wk ahead inc case,2024-10-12,NO,quantile,0.7,1206
2024-09-23,3 wk ahead inc case,2024-10-12,NO,quantile,0.75,1254
2024-09-23,3 wk ahead inc case,2024-10-12,NO,quantile,0.95,1644
2024-09-23,0 wk ahead inc case,2024-09-21,NO,quantile,0.6,995
2024-09-23,0 wk ahead inc case,2024-09-21,NO,quantile,0.65,1012
2024-09-23,3 wk ahead inc case,2024-10-12,NO,quantile,0.8,1314
2024-09-23,3 wk ahead inc case,2024-10-12,NO,quantile,0.9,1486
2024-09-23,3 wk ahead inc case,2024-10-12,NO,quantile,0.65,1159
2024-09-23,3 wk ahead inc case,2024-10-12,NO,quantile,0.85,1385
2024-09-23,0 wk ahead inc case,2024-09-21,NO,quantile,0.01,723
2024-09-23,0 wk ahead inc case,2024-09-21,NO,quantile,0.025,755
2024-09-23,0 wk ahead inc case,2024-09-21,NO,quantile,0.7,1030
2024-09-23,3 wk ahead inc case,2024-10-12,NO,quantile,0.4,969
2024-09-23,3 wk ahead inc case,2024-10-12,NO,quantile,0.55,1078
2024-09-23,3 wk ahead inc case,2024-10-12,NO,quantile,0.6,1117
2024-09-23,0 wk ahead inc case,2024-09-21,NO,quantile,0.15,847
2024-09-23,0 wk ahead inc case,2024-09-21,NO,quantile,0.45,949
2024-09-23,0 wk ahead inc case,2024-09-21,NO,quantile,0.55,979
2024-09-23,0 wk ahead inc case,2024-09-21,NO,quantile,0.75,1050
2024-09-23,0 wk ahead inc case,2024-09-21,NO,quantile,0.8,1073
2024-09-23,0 wk ahead inc case,2024-09-21,NO,quantile,0.85,1098
2024-09-23,3 wk ahead inc case,2024-10-12,NO,quantile,0.025,608
2024-09-23,3 wk ahead inc case,2024-10-12,NO,quantile,0.05,661
2024-09-23,3 wk ahead inc case,2024-10-12,NO,quantile,0.1,731
2024-09-23,3 wk ahead inc case,2024-10-12,NO,quantile,0.3,899
2024-09-23,3 wk ahead inc case,2024-10-12,NO,quantile,0.45,1006
2024-09-23,3 wk ahead inc case,2024-10-12,NO,quantile,0.5,1042
2024-09-23,3 wk ahead inc case,2024-10-12,NO,quantile,0.35,936
2024-09-23,0 wk ahead inc case,2024-09-21,NO,quantile,0.05,783
2024-09-23,0 wk ahead inc case,2024-09-21,NO,quantile,0.2,869
2024-09-23,0 wk ahead inc case,2024-09-21,NO,quantile,0.25,887
2024-09-23,0 wk ahead inc case,2024-09-21,NO,quantile,0.4,934
2024-09-23,0 wk ahead inc case,2024-09-21,NO,quantile,0.5,964
2024-09-23,0 wk ahead inc case,2024-09-21,NO,quantile,0.95,1188
2024-09-23,0 wk ahead inc case,2024-09-21,NO,quantile,0.975,1233
2024-09-23,0 wk ahead inc case,2024-09-21,NO,quantile,0.99,1287
2024-09-23,2 wk ahead inc case,2024-10-05,NO,quantile,0.4,814
2024-09-23,0 wk ahead inc case,2024-09-21,NO,quantile,0.1,822
2024-09-23,2 wk ahead inc case,2024-10-05,NO,quantile,0.025,450
2024-09-23,2 wk ahead inc case,2024-10-05,NO,quantile,0.05,497
2024-09-23,2 wk ahead inc case,2024-10-05,NO,quantile,0.45,852
2024-09-23,2 wk ahead inc case,2024-10-05,NO,quantile,0.5,891
2024-09-23,2 wk ahead inc case,2024-10-05,NO,quantile,0.55,930
2024-09-23,2 wk ahead inc case,2024-10-05,NO,quantile,0.6,975
2024-09-23,2 wk ahead inc case,2024-10-05,NO,quantile,0.65,1025
2024-09-23,2 wk ahead inc case,2024-10-05,NO,quantile,0.7,1078
2024-09-23,2 wk ahead inc case,2024-10-05,NO,quantile,0.99,2051
2024-09-23,0 wk ahead inc case,2024-09-21,NO,quantile,0.35,919
2024-09-23,0 wk ahead inc case,2024-09-21,NO,quantile,0.9,1135
2024-09-23,2 wk ahead inc case,2024-10-05,NO,quantile,0.95,1589
2024-09-23,2 wk ahead inc case,2024-10-05,NO,quantile,0.8,1214
2024-09-23,2 wk ahead inc case,2024-10-05,NO,quantile,0.975,1770
2024-09-23,2 wk ahead inc case,2024-10-05,NO,quantile,0.85,1304
2024-09-23,2 wk ahead inc case,2024-10-05,NO,quantile,0.75,1139
2024-09-23,2 wk ahead inc case,2024-10-05,NO,quantile,0.9,1421
2024-09-23,3 wk ahead inc case,2024-10-12,NO,quantile,0.15,780
2024-09-23,2 wk ahead inc case,2024-10-05,NO,quantile,0.01,388
2024-09-23,2 wk ahead inc case,2024-10-05,NO,quantile,0.1,566
2024-09-23,2 wk ahead inc case,2024-10-05,NO,quantile,0.2,662
2024-09-23,0 wk ahead inc case,2024-09-21,NO,quantile,0.3,904
2024-09-23,2 wk ahead inc case,2024-10-05,NO,quantile,0.15,617
2024-09-23,2 wk ahead inc case,2024-10-05,NO,quantile,0.25,704
2024-09-23,2 wk ahead inc case,2024-10-05,NO,quantile,0.3,743
2024-09-23,2 wk ahead inc case,2024-10-05,NO,quantile,0.35,780
2024-09-23,3 wk ahead inc case,2024-10-12,PL,quantile,0.99,61947
2024-09-23,3 wk ahead inc case,2024-10-12,PL,quantile,0.95,37903
2024-09-23,3 wk ahead inc case,2024-10-12,PL,quantile,0.8,21836
2024-09-23,3 wk ahead inc case,2024-10-12,PL,quantile,0.65,15777
2024-09-23,3 wk ahead inc case,2024-10-12,PL,quantile,0.85,24793
2024-09-23,3 wk ahead inc case,2024-10-12,PL,quantile,0.975,47295
2024-09-23,3 wk ahead inc case,2024-10-12,PL,quantile,0.7,17505
2024-09-23,3 wk ahead inc case,2024-10-12,PL,quantile,0.9,29467
2024-09-23,3 wk ahead inc case,2024-10-12,PL,quantile,0.25,7599
2024-09-23,3 wk ahead inc case,2024-10-12,PL,quantile,0.75,19381
2024-09-23,3 wk ahead inc case,2024-10-12,PL,quantile,0.6,14367
2024-09-23,3 wk ahead inc case,2024-10-12,PL,quantile,0.2,6722
2024-09-23,3 wk ahead inc case,2024-10-12,PL,quantile,0.35,9182
2024-09-23,3 wk ahead inc case,2024-10-12,PL,quantile,0.5,12087
2024-09-23,3 wk ahead inc case,2024-10-12,PL,quantile,0.55,13180
2024-09-23,3 wk ahead inc case,2024-10-12,PL,quantile,0.45,11049
2024-09-23,3 wk ahead inc case,2024-10-12,PL,quantile,0.15,5869
2024-09-23,3 wk ahead inc case,2024-10-12,PL,quantile,0.4,10148
2024-09-23,3 wk ahead inc case,2024-10-12,PL,quantile,0.3,8395
2024-09-23,3 wk ahead inc case,2024-10-12,PL,quantile,0.1,4913
2024-09-23,3 wk ahead inc case,2024-10-12,PL,quantile,0.05,3768
2024-09-23,0 wk ahead inc case,2024-09-21,PL,quantile,0.01,15482
2024-09-23,3 wk ahead inc case,2024-10-12,PL,quantile,0.025,3003
2024-09-23,3 wk ahead inc case,2024-10-12,PL,quantile,0.01,2395
2024-09-23,0 wk ahead inc case,2024-09-21,PL,quantile,0.25,16079
2024-09-23,0 wk ahead inc case,2024-09-21,PL,quantile,0.025,15610
2024-09-23,0 wk ahead inc case,2024-09-21,PL,quantile,0.05,15735
2024-09-23,2 wk ahead inc case,2024-10-05,PL,quantile,0.01,6510
2024-09-23,0 wk ahead inc case,2024-09-21,PL,quantile,0.3,16134
2024-09-23,2 wk ahead inc case,2024-10-05,PL,quantile,0.025,7552
2024-09-23,2 wk ahead inc case,2024-10-05,PL,quantile,0.55,17173
2024-09-23,0 wk ahead inc case,2024-09-21,PL,quantile,0.1,15871
2024-09-23,2 wk ahead inc case,2024-10-05,PL,quantile,0.6,18089
2024-09-23,2 wk ahead inc case,2024-10-05,PL,quantile,0.05,8467
2024-09-23,0 wk ahead inc case,2024-09-21,PL,quantile,0.15,15958
2024-09-23,0 wk ahead inc case,2024-09-21,PL,quantile,0.2,16020
2024-09-23,2 wk ahead inc case,2024-10-05,PL,quantile,0.5,16333
2024-09-23,2 wk ahead inc case,2024-10-05,PL,quantile,0.1,9787
2024-09-23,2 wk ahead inc case,2024-10-05,PL,quantile,0.15,10744
2024-09-23,2 wk ahead inc case,2024-10-05,PL,quantile,0.45,15599
2024-09-23,2 wk ahead inc case,2024-10-05,PL,quantile,0.25,12481
2024-09-23,2 wk ahead inc case,2024-10-05,PL,quantile,0.65,19076
2024-09-23,2 wk ahead inc case,2024-10-05,PL,quantile,0.2,11611
2024-09-23,2 wk ahead inc case,2024-10-05,PL,quantile,0.4,14808
2024-09-23,0 wk ahead inc case,2024-09-21,PL,quantile,0.4,16236
2024-09-23,0 wk ahead inc case,2024-09-21,PL,quantile,0.45,16283
2024-09-23,0 wk ahead inc case,2024-09-21,PL,quantile,0.5,16327
2024-09-23,2 wk ahead inc case,2024-10-05,PL,quantile,0.35,14035
2024-09-23,2 wk ahead inc case,2024-10-05,PL,quantile,0.3,13281
2024-09-23,0 wk ahead inc case,2024-09-21,PL,quantile,0.35,16187
2024-09-23,0 wk ahead inc case,2024-09-21,PL,quantile,0.99,17229
2024-09-23,0 wk ahead inc case,2024-09-21,PL,quantile,0.975,17072
2024-09-23,2 wk ahead inc case,2024-10-05,PL,quantile,0.99,41923
2024-09-23,0 wk ahead inc case,2024-09-21,PL,quantile,0.8,16647
2024-09-23,0 wk ahead inc case,2024-09-21,PL,quantile,0.55,16374
2024-09-23,1 wk ahead inc case,2024-09-28,PL,quantile,0.975,19873
2024-09-23,1 wk ahead inc case,2024-09-28,PL,quantile,0.99,20713
2024-09-23,0 wk ahead inc case,2024-09-21,PL,quantile,0.6,16422
2024-09-23,0 wk ahead inc case,2024-09-21,PL,quantile,0.9,16809
2024-09-23,0 wk ahead inc case,2024-09-21,PL,quantile,0.95,16954
2024-09-23,0 wk ahead inc case,2024-09-21,PL,quantile,0.85,16720
2024-09-23,2 wk ahead inc case,2024-10-05,PL,quantile,0.975,36431
2024-09-23,2 wk ahead inc case,2024-10-05,PL,quantile,0.95,31852
2024-09-23,0 wk ahead inc case,2024-09-21,PL,quantile,0.65,16471
2024-09-23,1 wk ahead inc case,2024-09-28,PL,quantile,0.95,19112
2024-09-23,2 wk ahead inc case,2024-10-05,PL,quantile,0.9,27476
2024-09-23,2 wk ahead inc case,2024-10-05,PL,quantile,0.7,20189
2024-09-23,0 wk ahead inc case,2024-09-21,PL,quantile,0.7,16524
2024-09-23,2 wk ahead inc case,2024-10-05,PL,quantile,0.85,24910
2024-09-23,0 wk ahead inc case,2024-09-21,PL,quantile,0.75,16584
2024-09-23,2 wk ahead inc case,2024-10-05,PL,quantile,0.75,21454
2024-09-23,1 wk ahead inc case,2024-09-28,PL,quantile,0.9,18336
2024-09-23,2 wk ahead inc case,2024-10-05,PL,quantile,0.8,23066
2024-09-23,1 wk ahead inc case,2024-09-28,PL,quantile,0.85,17853
2024-09-23,1 wk ahead inc case,2024-09-28,PL,quantile,0.75,17177
2024-09-23,1 wk ahead inc case,2024-09-28,PL,quantile,0.8,17482
2024-09-23,1 wk ahead inc case,2024-09-28,PL,quantile,0.7,16875
2024-09-23,1 wk ahead inc case,2024-09-28,PL,quantile,0.55,16130
2024-09-23,1 wk ahead inc case,2024-09-28,PL,quantile,0.6,16367
2024-09-23,1 wk ahead inc case,2024-09-28,PL,quantile,0.5,15907
2024-09-23,1 wk ahead inc case,2024-09-28,PL,quantile,0.45,15692
2024-09-23,1 wk ahead inc case,2024-09-28,PL,quantile,0.01,12240
2024-09-23,1 wk ahead inc case,2024-09-28,PL,quantile,0.65,16615
2024-09-23,1 wk ahead inc case,2024-09-28,PL,quantile,0.025,12730
2024-09-23,1 wk ahead inc case,2024-09-28,PL,quantile,0.4,15473
2024-09-23,1 wk ahead inc case,2024-09-28,PL,quantile,0.3,14998
2024-09-23,1 wk ahead inc case,2024-09-28,PL,quantile,0.2,14474
2024-09-23,1 wk ahead inc case,2024-09-28,PL,quantile,0.35,15233
2024-09-23,1 wk ahead inc case,2024-09-28,PL,quantile,0.1,13731
2024-09-23,1 wk ahead inc case,2024-09-28,PL,quantile,0.25,14737
2024-09-23,1 wk ahead inc case,2024-09-28,PL,quantile,0.05,13188
2024-09-23,1 wk ahead inc case,2024-09-28,PL,quantile,0.15,14136
2024-09-23,0 wk ahead inc case,2024-09-21,PT,quantile,0.85,387
2024-09-23,3 wk ahead inc case,2024-10-12,PT,quantile,0.75,403
2024-09-23,0 wk ahead inc case,2024-09-21,PT,quantile,0.8,377
2024-09-23,0 wk ahead inc case,2024-09-21,PT,quantile,0.3,313
2024-09-23,0 wk ahead inc case,2024-09-21,PT,quantile,0.4,325
2024-09-23,0 wk ahead inc case,2024-09-21,PT,quantile,0.05,269
2024-09-23,0 wk ahead inc case,2024-09-21,PT,quantile,0.15,292
2024-09-23,0 wk ahead inc case,2024-09-21,PT,quantile,0.25,307
2024-09-23,0 wk ahead inc case,2024-09-21,PT,quantile,0.1,282
2024-09-23,0 wk ahead inc case,2024-09-21,PT,quantile,0.9,399
2024-09-23,0 wk ahead inc case,2024-09-21,PT,quantile,0.45,330
2024-09-23,0 wk ahead inc case,2024-09-21,PT,quantile,0.35,319
2024-09-23,0 wk ahead inc case,2024-09-21,PT,quantile,0.55,342
2024-09-23,0 wk ahead inc case,2024-09-21,PT,quantile,0.2,300
2024-09-23,0 wk ahead inc case,2024-09-21,PT,quantile,0.5,336
2024-09-23,0 wk ahead inc case,2024-09-21,PT,quantile,0.6,348
2024-09-23,0 wk ahead inc case,2024-09-21,PT,quantile,0.025,257
2024-09-23,3 wk ahead inc case,2024-10-12,PT,quantile,0.65,386
2024-09-23,3 wk ahead inc case,2024-10-12,PT,quantile,0.7,394
2024-09-23,0 wk ahead inc case,2024-09-21,PT,quantile,0.65,354
2024-09-23,0 wk ahead inc case,2024-09-21,PT,quantile,0.7,361
2024-09-23,0 wk ahead inc case,2024-09-21,PT,quantile,0.75,368
2024-09-23,0 wk ahead inc case,2024-09-21,PT,quantile,0.01,245
2024-09-23,3 wk ahead inc case,2024-10-12,PT,quantile,0.5,364
2024-09-23,3 wk ahead inc case,2024-10-12,PT,quantile,0.05,286
2024-09-23,0 wk ahead inc case,2024-09-21,PT,quantile,0.95,419
2024-09-23,3 wk ahead inc case,2024-10-12,PT,quantile,0.8,412
2024-09-23,3 wk ahead inc case,2024-10-12,PT,quantile,0.85,424
2024-09-23,3 wk ahead inc case,2024-10-12,PT,quantile,0.025,273
2024-09-23,3 wk ahead inc case,2024-10-12,PT,quantile,0.9,439
2024-09-23,3 wk ahead inc case,2024-10-12,PT,quantile,0.01,260
2024-09-23,3 wk ahead inc case,2024-10-12,PT,quantile,0.4,351
2024-09-23,3 wk ahead inc case,2024-10-12,PT,quantile,0.45,357
2024-09-23,3 wk ahead inc case,2024-10-12,PT,quantile,0.55,371
2024-09-23,3 wk ahead inc case,2024-10-12,PT,quantile,0.2,322
2024-09-23,3 wk ahead inc case,2024-10-12,PT,quantile,0.6,378
2024-09-23,2 wk ahead inc case,2024-10-05,PT,quantile,0.8,370
2024-09-23,3 wk ahead inc case,2024-10-12,PT,quantile,0.975,482
2024-09-23,0 wk ahead inc case,2024-09-21,PT,quantile,0.975,439
2024-09-23,1 wk ahead inc case,2024-09-28,PT,quantile,0.99,393
2024-09-23,1 wk ahead inc case,2024-09-28,PT,quantile,0.975,374
2024-09-23,2 wk ahead inc case,2024-10-05,PT,quantile,0.975,431
2024-09-23,1 wk ahead inc case,2024-09-28,PT,quantile,0.95,358
2024-09-23,3 wk ahead inc case,2024-10-12,PT,quantile,0.15,313
2024-09-23,3 wk ahead inc case,2024-10-12,PT,quantile,0.25,330
2024-09-23,1 wk ahead inc case,2024-09-28,PT,quantile,0.9,341
2024-09-23,1 wk ahead inc case,2024-09-28,PT,quantile,0.45,282
2024-09-23,1 wk ahead inc case,2024-09-28,PT,quantile,0.85,330
2024-09-23,1 wk ahead inc case,2024-09-28,PT,quantile,0.6,297
2024-09-23,0 wk ahead inc case,2024-09-21,PT,quantile,0.99,460
2024-09-23,1 wk ahead inc case,2024-09-28,PT,quantile,0.75,314
2024-09-23,2 wk ahead inc case,2024-10-05,PT,quantile,0.7,353
2024-09-23,1 wk ahead inc case,2024-09-28,PT,quantile,0.7,307
2024-09-23,1 wk ahead inc case,2024-09-28,PT,quantile,0.65,302
2024-09-23,1 wk ahead inc case,2024-09-28,PT,quantile,0.55,291
2024-09-23,3 wk ahead inc case,2024-10-12,PT,quantile,0.1,302
2024-09-23,3 wk ahead inc case,2024-10-12,PT,quantile,0.99,510
2024-09-23,1 wk ahead inc case,2024-09-28,PT,quantile,0.8,322
2024-09-23,2 wk ahead inc case,2024-10-05,PT,quantile,0.99,455
2024-09-23,1 wk ahead inc case,2024-09-28,PT,quantile,0.4,277
2024-09-23,3 wk ahead inc case,2024-10-12,PT,quantile,0.3,337
2024-09-23,3 wk ahead inc case,2024-10-12,PT,quantile,0.35,344
2024-09-23,2 wk ahead inc case,2024-10-05,PT,quantile,0.95,412
2024-09-23,2 wk ahead inc case,2024-10-05,PT,quantile,0.9,392
2024-09-23,1 wk ahead inc case,2024-09-28,PT,quantile,0.5,287
2024-09-23,3 wk ahead inc case,2024-10-12,PT,quantile,0.95,462
2024-09-23,2 wk ahead inc case,2024-10-05,PT,quantile,0.85,379
2024-09-23,1 wk ahead inc case,2024-09-28,PT,quantile,0.35,273
2024-09-23,2 wk ahead inc case,2024-10-05,PT,quantile,0.75,361
2024-09-23,1 wk ahead inc case,2024-09-28,PT,quantile,0.025,220
2024-09-23,2 wk ahead inc case,2024-10-05,PT,quantile,0.4,316
2024-09-23,2 wk ahead inc case,2024-10-05,PT,quantile,0.45,322
2024-09-23,1 wk ahead inc case,2024-09-28,PT,quantile,0.3,268
2024-09-23,2 wk ahead inc case,2024-10-05,PT,quantile,0.65,347
2024-09-23,1 wk ahead inc case,2024-09-28,PT,quantile,0.2,256
2024-09-23,1 wk ahead inc case,2024-09-28,PT,quantile,0.25,262
2024-09-23,2 wk ahead inc case,2024-10-05,PT,quantile,0.15,285
2024-09-23,1 wk ahead inc case,2024-09-28,PT,quantile,0.01,210
2024-09-23,1 wk ahead inc case,2024-09-28,PT,quantile,0.15,250
2024-09-23,1 wk ahead inc case,2024-09-28,PT,quantile,0.1,242
2024-09-23,2 wk ahead inc case,2024-10-05,PT,quantile,0.1,276
2024-09-23,2 wk ahead inc case,2024-10-05,PT,quantile,0.2,292
2024-09-23,2 wk ahead inc case,2024-10-05,PT,quantile,0.35,311
2024-09-23,2 wk ahead inc case,2024-10-05,PT,quantile,0.5,328
2024-09-23,2 wk ahead inc case,2024-10-05,PT,quantile,0.6,340
2024-09-23,1 wk ahead inc case,2024-09-28,PT,quantile,0.05,231
2024-09-23,2 wk ahead inc case,2024-10-05,PT,quantile,0.55,334
2024-09-23,2 wk ahead inc case,2024-10-05,PT,quantile,0.05,262
2024-09-23,2 wk ahead inc case,2024-10-05,PT,quantile,0.025,251
2024-09-23,2 wk ahead inc case,2024-10-05,PT,quantile,0.25,299
2024-09-23,2 wk ahead inc case,2024-10-05,PT,quantile,0.3,305
2024-09-23,2 wk ahead inc case,2024-10-05,PT,quantile,0.01,238
2024-09-23,2 wk ahead inc case,2024-10-05,RO,quantile,0.6,2498
2024-09-23,2 wk ahead inc case,2024-10-05,RO,quantile,0.95,5186
2024-09-23,2 wk ahead inc case,2024-10-05,RO,quantile,0.15,1256
2024-09-23,2 wk ahead inc case,2024-10-05,RO,quantile,0.975,6088
2024-09-23,2 wk ahead inc case,2024-10-05,RO,quantile,0.55,2337
2024-09-23,2 wk ahead inc case,2024-10-05,RO,quantile,0.9,4270
2024-09-23,2 wk ahead inc case,2024-10-05,RO,quantile,0.7,2885
2024-09-23,2 wk ahead inc case,2024-10-05,RO,quantile,0.025,781
2024-09-23,2 wk ahead inc case,2024-10-05,RO,quantile,0.85,3738
2024-09-23,2 wk ahead inc case,2024-10-05,RO,quantile,0.75,3126
2024-09-23,2 wk ahead inc case,2024-10-05,RO,quantile,0.65,2675
2024-09-23,2 wk ahead inc case,2024-10-05,RO,quantile,0.8,3381
2024-09-23,2 wk ahead inc case,2024-10-05,RO,quantile,0.05,918
2024-09-23,2 wk ahead inc case,2024-10-05,RO,quantile,0.99,7275
2024-09-23,2 wk ahead inc case,2024-10-05,RO,quantile,0.45,2029
2024-09-23,2 wk ahead inc case,2024-10-05,RO,quantile,0.01,649
2024-09-23,2 wk ahead inc case,2024-10-05,RO,quantile,0.1,1110
2024-09-23,2 wk ahead inc case,2024-10-05,RO,quantile,0.2,1390
2024-09-23,2 wk ahead inc case,2024-10-05,RO,quantile,0.4,1900
2024-09-23,2 wk ahead inc case,2024-10-05,RO,quantile,0.35,1779
2024-09-23,2 wk ahead inc case,2024-10-05,RO,quantile,0.5,2181
2024-09-23,1 wk ahead inc case,2024-09-28,RO,quantile,0.55,2294
2024-09-23,1 wk ahead inc case,2024-09-28,RO,quantile,0.6,2357
2024-09-23,1 wk ahead inc case,2024-09-28,RO,quantile,0.65,2429
2024-09-23,1 wk ahead inc case,2024-09-28,RO,quantile,0.975,3406
2024-09-23,1 wk ahead inc case,2024-09-28,RO,quantile,0.95,3186
2024-09-23,1 wk ahead inc case,2024-09-28,RO,quantile,0.45,2175
2024-09-23,2 wk ahead inc case,2024-10-05,RO,quantile,0.25,1522
2024-09-23,1 wk ahead inc case,2024-09-28,RO,quantile,0.75,2581
2024-09-23,1 wk ahead inc case,2024-09-28,RO,quantile,0.5,2236
2024-09-23,2 wk ahead inc case,2024-10-05,RO,quantile,0.3,1657
2024-09-23,1 wk ahead inc case,2024-09-28,RO,quantile,0.9,2948
2024-09-23,1 wk ahead inc case,2024-09-28,RO,quantile,0.85,2796
2024-09-23,1 wk ahead inc case,2024-09-28,RO,quantile,0.35,2065
2024-09-23,1 wk ahead inc case,2024-09-28,RO,quantile,0.7,2501
2024-09-23,1 wk ahead inc case,2024-09-28,RO,quantile,0.2,1873
2024-09-23,1 wk ahead inc case,2024-09-28,RO,quantile,0.8,2676
2024-09-23,1 wk ahead inc case,2024-09-28,RO,quantile,0.99,3666
2024-09-23,1 wk ahead inc case,2024-09-28,RO,quantile,0.15,1793
2024-09-23,1 wk ahead inc case,2024-09-28,RO,quantile,0.3,2004
2024-09-23,1 wk ahead inc case,2024-09-28,RO,quantile,0.1,1705
2024-09-23,1 wk ahead inc case,2024-09-28,RO,quantile,0.05,1583
2024-09-23,1 wk ahead inc case,2024-09-28,RO,quantile,0.025,1491
2024-09-23,1 wk ahead inc case,2024-09-28,RO,quantile,0.4,2119
2024-09-23,1 wk ahead inc case,2024-09-28,RO,quantile,0.25,1944
2024-09-23,3 wk ahead inc case,2024-10-12,RO,quantile,0.35,1927
2024-09-23,3 wk ahead inc case,2024-10-12,RO,quantile,0.25,1564
2024-09-23,3 wk ahead inc case,2024-10-12,RO,quantile,0.15,1213
2024-09-23,3 wk ahead inc case,2024-10-12,RO,quantile,0.3,1744
2024-09-23,1 wk ahead inc case,2024-09-28,RO,quantile,0.01,1382
2024-09-23,3 wk ahead inc case,2024-10-12,RO,quantile,0.2,1390
2024-09-23,3 wk ahead inc case,2024-10-12,RO,quantile,0.975,9579
2024-09-23,3 wk ahead inc case,2024-10-12,RO,quantile,0.1,1025
2024-09-23,3 wk ahead inc case,2024-10-12,RO,quantile,0.65,3270
2024-09-23,3 wk ahead inc case,2024-10-12,RO,quantile,0.95,7690
2024-09-23,3 wk ahead inc case,2024-10-12,RO,quantile,0.01,481
2024-09-23,3 wk ahead inc case,2024-10-12,RO,quantile,0.6,2981
2024-09-23,3 wk ahead inc case,2024-10-12,RO,quantile,0.99,12208
2024-09-23,3 wk ahead inc case,2024-10-12,RO,quantile,0.55,2732
2024-09-23,3 wk ahead inc case,2024-10-12,RO,quantile,0.025,643
2024-09-23,0 wk ahead inc case,2024-09-21,RO,quantile,0.1,1983
2024-09-23,3 wk ahead inc case,2024-10-12,RO,quantile,0.05,789
2024-09-23,0 wk ahead inc case,2024-09-21,RO,quantile,0.9,2653
2024-09-23,3 wk ahead inc case,2024-10-12,RO,quantile,0.5,2505
2024-09-23,3 wk ahead inc case,2024-10-12,RO,quantile,0.75,3940
2024-09-23,3 wk ahead inc case,2024-10-12,RO,quantile,0.7,3577
2024-09-23,3 wk ahead inc case,2024-10-12,RO,quantile,0.45,2300
2024-09-23,3 wk ahead inc case,2024-10-12,RO,quantile,0.9,6033
2024-09-23,3 wk ahead inc case,2024-10-12,RO,quantile,0.8,4428
2024-09-23,0 wk ahead inc case,2024-09-21,RO,quantile,0.99,2958
2024-09-23,3 wk ahead inc case,2024-10-12,RO,quantile,0.85,5098
2024-09-23,3 wk ahead inc case,2024-10-12,RO,quantile,0.4,2109
2024-09-23,0 wk ahead inc case,2024-09-21,RO,quantile,0.25,2125
2024-09-23,0 wk ahead inc case,2024-09-21,RO,quantile,0.8,2523
2024-09-23,0 wk ahead inc case,2024-09-21,RO,quantile,0.65,2394
2024-09-23,0 wk ahead inc case,2024-09-21,RO,quantile,0.7,2433
2024-09-23,0 wk ahead inc case,2024-09-21,RO,quantile,0.3,2161
2024-09-23,0 wk ahead inc case,2024-09-21,RO,quantile,0.85,2578
2024-09-23,0 wk ahead inc case,2024-09-21,RO,quantile,0.75,2475
2024-09-23,0 wk ahead inc case,2024-09-21,RO,quantile,0.975,2858
2024-09-23,0 wk ahead inc case,2024-09-21,RO,quantile,0.15,2041
2024-09-23,0 wk ahead inc case,2024-09-21,RO,quantile,0.05,1904
2024-09-23,0 wk ahead inc case,2024-09-21,RO,quantile,0.6,2356
2024-09-23,0 wk ahead inc case,2024-09-21,RO,quantile,0.95,2758
2024-09-23,0 wk ahead inc case,2024-09-21,RO,quantile,0.55,2322
2024-09-23,0 wk ahead inc case,2024-09-21,RO,quantile,0.2,2088
2024-09-23,0 wk ahead inc case,2024-09-21,RO,quantile,0.025,1832
2024-09-23,0 wk ahead inc case,2024-09-21,RO,quantile,0.4,2227
2024-09-23,0 wk ahead inc case,2024-09-21,RO,quantile,0.35,2194
2024-09-23,0 wk ahead inc case,2024-09-21,RO,quantile,0.01,1762
2024-09-23,0 wk ahead inc case,2024-09-21,RO,quantile,0.5,2291
2024-09-23,0 wk ahead inc case,2024-09-21,RO,quantile,0.45,2258
2024-09-23,1 wk ahead inc case,2024-09-28,SE,quantile,0.55,728
2024-09-23,0 wk ahead inc case,2024-09-21,SE,quantile,0.4,669
2024-09-23,0 wk ahead inc case,2024-09-21,SE,quantile,0.3,646
2024-09-23,0 wk ahead inc case,2024-09-21,SE,quantile,0.5,690
2024-09-23,0 wk ahead inc case,2024-09-21,SE,quantile,0.05,562
2024-09-23,0 wk ahead inc case,2024-09-21,SE,quantile,0.35,658
2024-09-23,0 wk ahead inc case,2024-09-21,SE,quantile,0.25,634
2024-09-23,0 wk ahead inc case,2024-09-21,SE,quantile,0.025,540
2024-09-23,0 wk ahead inc case,2024-09-21,SE,quantile,0.2,620
2024-09-23,0 wk ahead inc case,2024-09-21,SE,quantile,0.1,587
2024-09-23,1 wk ahead inc case,2024-09-28,SE,quantile,0.45,716
2024-09-23,1 wk ahead inc case,2024-09-28,SE,quantile,0.4,710
2024-09-23,0 wk ahead inc case,2024-09-21,SE,quantile,0.15,605
2024-09-23,0 wk ahead inc case,2024-09-21,SE,quantile,0.55,701
2024-09-23,0 wk ahead inc case,2024-09-21,SE,quantile,0.7,736
2024-09-23,0 wk ahead inc case,2024-09-21,SE,quantile,0.01,515
2024-09-23,1 wk ahead inc case,2024-09-28,SE,quantile,0.5,722
2024-09-23,1 wk ahead inc case,2024-09-28,SE,quantile,0.6,734
2024-09-23,1 wk ahead inc case,2024-09-28,SE,quantile,0.35,704
2024-09-23,0 wk ahead inc case,2024-09-21,SE,quantile,0.6,712
2024-09-23,0 wk ahead inc case,2024-09-21,SE,quantile,0.45,679
2024-09-23,0 wk ahead inc case,2024-09-21,SE,quantile,0.65,724
2024-09-23,1 wk ahead inc case,2024-09-28,SE,quantile,0.65,740
2024-09-23,3 wk ahead inc case,2024-10-12,SE,quantile,0.975,1231
2024-09-23,1 wk ahead inc case,2024-09-28,SE,quantile,0.7,746
2024-09-23,3 wk ahead inc case,2024-10-12,SE,quantile,0.95,1141
2024-09-23,1 wk ahead inc case,2024-09-28,SE,quantile,0.3,698
2024-09-23,3 wk ahead inc case,2024-10-12,SE,quantile,0.9,1043
2024-09-23,1 wk ahead inc case,2024-09-28,SE,quantile,0.85,769
2024-09-23,3 wk ahead inc case,2024-10-12,SE,quantile,0.4,719
2024-09-23,3 wk ahead inc case,2024-10-12,SE,quantile,0.75,900
2024-09-23,3 wk ahead inc case,2024-10-12,SE,quantile,0.99,1348
2024-09-23,1 wk ahead inc case,2024-09-28,SE,quantile,0.01,621
2024-09-23,3 wk ahead inc case,2024-10-12,SE,quantile,0.15,593
2024-09-23,3 wk ahead inc case,2024-10-12,SE,quantile,0.65,839
2024-09-23,3 wk ahead inc case,2024-10-12,SE,quantile,0.85,982
2024-09-23,1 wk ahead inc case,2024-09-28,SE,quantile,0.75,753
2024-09-23,1 wk ahead inc case,2024-09-28,SE,quantile,0.8,760
2024-09-23,3 wk ahead inc case,2024-10-12,SE,quantile,0.8,937
2024-09-23,1 wk ahead inc case,2024-09-28,SE,quantile,0.99,831
2024-09-23,3 wk ahead inc case,2024-10-12,SE,quantile,0.05,509
2024-09-23,3 wk ahead inc case,2024-10-12,SE,quantile,0.1,557
2024-09-23,3 wk ahead inc case,2024-10-12,SE,quantile,0.6,813
2024-09-23,3 wk ahead inc case,2024-10-12,SE,quantile,0.7,869
2024-09-23,3 wk ahead inc case,2024-10-12,SE,quantile,0.45,743
2024-09-23,3 wk ahead inc case,2024-10-12,SE,quantile,0.55,788
2024-09-23,0 wk ahead inc case,2024-09-21,SE,quantile,0.8,768
2024-09-23,1 wk ahead inc case,2024-09-28,SE,quantile,0.9,781
2024-09-23,3 wk ahead inc case,2024-10-12,SE,quantile,0.2,623
2024-09-23,3 wk ahead inc case,2024-10-12,SE,quantile,0.3,673
2024-09-23,0 wk ahead inc case,2024-09-21,SE,quantile,0.75,751
2024-09-23,3 wk ahead inc case,2024-10-12,SE,quantile,0.5,765
2024-09-23,3 wk ahead inc case,2024-10-12,SE,quantile,0.35,697
2024-09-23,3 wk ahead inc case,2024-10-12,SE,quantile,0.25,649
2024-09-23,1 wk ahead inc case,2024-09-28,SE,quantile,0.25,692
2024-09-23,3 wk ahead inc case,2024-10-12,SE,quantile,0.025,474
2024-09-23,0 wk ahead inc case,2024-09-21,SE,quantile,0.9,809
2024-09-23,1 wk ahead inc case,2024-09-28,SE,quantile,0.95,799
2024-09-23,1 wk ahead inc case,2024-09-28,SE,quantile,0.05,649
2024-09-23,3 wk ahead inc case,2024-10-12,SE,quantile,0.01,432
2024-09-23,2 wk ahead inc case,2024-10-05,SE,quantile,0.01,503
2024-09-23,1 wk ahead inc case,2024-09-28,SE,quantile,0.025,636
2024-09-23,1 wk ahead inc case,2024-09-28,SE,quantile,0.1,666
2024-09-23,1 wk ahead inc case,2024-09-28,SE,quantile,0.975,814
2024-09-23,0 wk ahead inc case,2024-09-21,SE,quantile,0.85,786
2024-09-23,0 wk ahead inc case,2024-09-21,SE,quantile,0.95,848
2024-09-23,0 wk ahead inc case,2024-09-21,SE,quantile,0.975,885
2024-09-23,1 wk ahead inc case,2024-09-28,SE,quantile,0.15,676
2024-09-23,1 wk ahead inc case,2024-09-28,SE,quantile,0.2,684
2024-09-23,0 wk ahead inc case,2024-09-21,SE,quantile,0.99,930
2024-09-23,2 wk ahead inc case,2024-10-05,SE,quantile,0.99,1229
2024-09-23,2 wk ahead inc case,2024-10-05,SE,quantile,0.975,1141
2024-09-23,2 wk ahead inc case,2024-10-05,SE,quantile,0.95,1077
2024-09-23,2 wk ahead inc case,2024-10-05,SE,quantile,0.9,1003
2024-09-23,2 wk ahead inc case,2024-10-05,SE,quantile,0.35,726
2024-09-23,2 wk ahead inc case,2024-10-05,SE,quantile,0.85,956
2024-09-23,2 wk ahead inc case,2024-10-05,SE,quantile,0.4,744
2024-09-23,2 wk ahead inc case,2024-10-05,SE,quantile,0.3,707
2024-09-23,2 wk ahead inc case,2024-10-05,SE,quantile,0.7,868
2024-09-23,2 wk ahead inc case,2024-10-05,SE,quantile,0.25,687
2024-09-23,2 wk ahead inc case,2024-10-05,SE,quantile,0.5,782
2024-09-23,2 wk ahead inc case,2024-10-05,SE,quantile,0.65,845
2024-09-23,2 wk ahead inc case,2024-10-05,SE,quantile,0.55,802
2024-09-23,2 wk ahead inc case,2024-10-05,SE,quantile,0.6,823
2024-09-23,2 wk ahead inc case,2024-10-05,SE,quantile,0.75,894
2024-09-23,2 wk ahead inc case,2024-10-05,SE,quantile,0.8,923
2024-09-23,2 wk ahead inc case,2024-10-05,SE,quantile,0.2,664
2024-09-23,2 wk ahead inc case,2024-10-05,SE,quantile,0.45,764
2024-09-23,2 wk ahead inc case,2024-10-05,SE,quantile,0.05,568
2024-09-23,2 wk ahead inc case,2024-10-05,SE,quantile,0.1,609
2024-09-23,2 wk ahead inc case,2024-10-05,SE,quantile,0.025,537
2024-09-23,2 wk ahead inc case,2024-10-05,SE,quantile,0.15,638
2024-09-23,0 wk ahead inc case,2024-09-21,SI,quantile,0.35,258
2024-09-23,0 wk ahead inc case,2024-09-21,SI,quantile,0.4,263
2024-09-23,2 wk ahead inc case,2024-10-05,SI,quantile,0.99,434
2024-09-23,0 wk ahead inc case,2024-09-21,SI,quantile,0.3,253
2024-09-23,0 wk ahead inc case,2024-09-21,SI,quantile,0.65,285
2024-09-23,0 wk ahead inc case,2024-09-21,SI,quantile,0.01,199
2024-09-23,0 wk ahead inc case,2024-09-21,SI,quantile,0.7,290
2024-09-23,0 wk ahead inc case,2024-09-21,SI,quantile,0.25,248
2024-09-23,0 wk ahead inc case,2024-09-21,SI,quantile,0.6,280
2024-09-23,2 wk ahead inc case,2024-10-05,SI,quantile,0.9,377
2024-09-23,0 wk ahead inc case,2024-09-21,SI,quantile,0.55,275
2024-09-23,0 wk ahead inc case,2024-09-21,SI,quantile,0.05,219
2024-09-23,2 wk ahead inc case,2024-10-05,SI,quantile,0.975,414
2024-09-23,0 wk ahead inc case,2024-09-21,SI,quantile,0.5,271
2024-09-23,0 wk ahead inc case,2024-09-21,SI,quantile,0.9,320
2024-09-23,0 wk ahead inc case,2024-09-21,SI,quantile,0.99,366
2024-09-23,0 wk ahead inc case,2024-09-21,SI,quantile,0.15,237
2024-09-23,0 wk ahead inc case,2024-09-21,SI,quantile,0.45,267
2024-09-23,2 wk ahead inc case,2024-10-05,SI,quantile,0.95,395
2024-09-23,0 wk ahead inc case,2024-09-21,SI,quantile,0.025,210
2024-09-23,3 wk ahead inc case,2024-10-12,SI,quantile,0.99,377
2024-09-23,1 wk ahead inc case,2024-09-28,SI,quantile,0.99,424
2024-09-23,1 wk ahead inc case,2024-09-28,SI,quantile,0.7,314
2024-09-23,0 wk ahead inc case,2024-09-21,SI,quantile,0.75,296
2024-09-23,0 wk ahead inc case,2024-09-21,SI,quantile,0.2,243
2024-09-23,0 wk ahead inc case,2024-09-21,SI,quantile,0.1,229
2024-09-23,3 wk ahead inc case,2024-10-12,SI,quantile,0.8,332
2024-09-23,2 wk ahead inc case,2024-10-05,SI,quantile,0.75,348
2024-09-23,0 wk ahead inc case,2024-09-21,SI,quantile,0.95,335
2024-09-23,2 wk ahead inc case,2024-10-05,SI,quantile,0.8,357
2024-09-23,2 wk ahead inc case,2024-10-05,SI,quantile,0.85,365
2024-09-23,3 wk ahead inc case,2024-10-12,SI,quantile,0.75,327
2024-09-23,2 wk ahead inc case,2024-10-05,SI,quantile,0.7,342
2024-09-23,3 wk ahead inc case,2024-10-12,SI,quantile,0.9,344
2024-09-23,3 wk ahead inc case,2024-10-12,SI,quantile,0.975,364
2024-09-23,1 wk ahead inc case,2024-09-28,SI,quantile,0.975,399
2024-09-23,0 wk ahead inc case,2024-09-21,SI,quantile,0.8,303
2024-09-23,0 wk ahead inc case,2024-09-21,SI,quantile,0.975,349
2024-09-23,2 wk ahead inc case,2024-10-05,SI,quantile,0.65,335
2024-09-23,3 wk ahead inc case,2024-10-12,SI,quantile,0.95,355
2024-09-23,1 wk ahead inc case,2024-09-28,SI,quantile,0.8,331
2024-09-23,1 wk ahead inc case,2024-09-28,SI,quantile,0.65,307
2024-09-23,1 wk ahead inc case,2024-09-28,SI,quantile,0.95,379
2024-09-23,0 wk ahead inc case,2024-09-21,SI,quantile,0.85,310
2024-09-23,1 wk ahead inc case,2024-09-28,SI,quantile,0.75,322
2024-09-23,3 wk ahead inc case,2024-10-12,SI,quantile,0.85,337
2024-09-23,3 wk ahead inc case,2024-10-12,SI,quantile,0.01,252
2024-09-23,1 wk ahead inc case,2024-09-28,SI,quantile,0.9,356
2024-09-23,1 wk ahead inc case,2024-09-28,SI,quantile,0.4,276
2024-09-23,1 wk ahead inc case,2024-09-28,SI,quantile,0.35,271
2024-09-23,2 wk ahead inc case,2024-10-05,SI,quantile,0.55,324
2024-09-23,1 wk ahead inc case,2024-09-28,SI,quantile,0.5,288
2024-09-23,1 wk ahead inc case,2024-09-28,SI,quantile,0.6,300
2024-09-23,2 wk ahead inc case,2024-10-05,SI,quantile,0.6,329
2024-09-23,3 wk ahead inc case,2024-10-12,SI,quantile,0.7,323
2024-09-23,1 wk ahead inc case,2024-09-28,SI,quantile,0.85,342
2024-09-23,1 wk ahead inc case,2024-09-28,SI,quantile,0.3,264
2024-09-23,2 wk ahead inc case,2024-10-05,SI,quantile,0.025,246
2024-09-23,2 wk ahead inc case,2024-10-05,SI,quantile,0.5,318
2024-09-23,1 wk ahead inc case,2024-09-28,SI,quantile,0.2,251
2024-09-23,3 wk ahead inc case,2024-10-12,SI,quantile,0.65,319
2024-09-23,3 wk ahead inc case,2024-10-12,SI,quantile,0.05,267
2024-09-23,1 wk ahead inc case,2024-09-28,SI,quantile,0.05,219
2024-09-23,1 wk ahead inc case,2024-09-28,SI,quantile,0.45,282
2024-09-23,1 wk ahead inc case,2024-09-28,SI,quantile,0.55,294
2024-09-23,3 wk ahead inc case,2024-10-12,SI,quantile,0.45,305
2024-09-23,3 wk ahead inc case,2024-10-12,SI,quantile,0.55,312
2024-09-23,3 wk ahead inc case,2024-10-12,SI,quantile,0.6,315
2024-09-23,2 wk ahead inc case,2024-10-05,SI,quantile,0.01,235
2024-09-23,2 wk ahead inc case,2024-10-05,SI,quantile,0.15,277
2024-09-23,2 wk ahead inc case,2024-10-05,SI,quantile,0.4,308
2024-09-23,2 wk ahead inc case,2024-10-05,SI,quantile,0.45,313
2024-09-23,1 wk ahead inc case,2024-09-28,SI,quantile,0.025,209
2024-09-23,3 wk ahead inc case,2024-10-12,SI,quantile,0.5,308
2024-09-23,2 wk ahead inc case,2024-10-05,SI,quantile,0.1,268
2024-09-23,2 wk ahead inc case,2024-10-05,SI,quantile,0.2,284
2024-09-23,2 wk ahead inc case,2024-10-05,SI,quantile,0.25,291
2024-09-23,1 wk ahead inc case,2024-09-28,SI,quantile,0.25,258
2024-09-23,2 wk ahead inc case,2024-10-05,SI,quantile,0.05,255
2024-09-23,2 wk ahead inc case,2024-10-05,SI,quantile,0.3,297
2024-09-23,2 wk ahead inc case,2024-10-05,SI,quantile,0.35,302
2024-09-23,3 wk ahead inc case,2024-10-12,SI,quantile,0.2,287
2024-09-23,3 wk ahead inc case,2024-10-12,SI,quantile,0.025,260
2024-09-23,3 wk ahead inc case,2024-10-12,SI,quantile,0.3,295
2024-09-23,1 wk ahead inc case,2024-09-28,SI,quantile,0.01,195
2024-09-23,1 wk ahead inc case,2024-09-28,SI,quantile,0.1,233
2024-09-23,1 wk ahead inc case,2024-09-28,SI,quantile,0.15,243
2024-09-23,3 wk ahead inc case,2024-10-12,SI,quantile,0.25,291
2024-09-23,3 wk ahead inc case,2024-10-12,SI,quantile,0.1,276
2024-09-23,3 wk ahead inc case,2024-10-12,SI,quantile,0.4,302
2024-09-23,3 wk ahead inc case,2024-10-12,SI,quantile,0.15,282
2024-09-23,3 wk ahead inc case,2024-10-12,SI,quantile,0.35,298
2024-09-23,0 wk ahead inc case,2024-09-21,SK,quantile,0.15,194
2024-09-23,0 wk ahead inc case,2024-09-21,SK,quantile,0.1,177
2024-09-23,0 wk ahead inc case,2024-09-21,SK,quantile,0.05,154
2024-09-23,1 wk ahead inc case,2024-09-28,SK,quantile,0.4,74
2024-09-23,1 wk ahead inc case,2024-09-28,SK,quantile,0.35,61
2024-09-23,0 wk ahead inc case,2024-09-21,SK,quantile,0.2,208
2024-09-23,1 wk ahead inc case,2024-09-28,SK,quantile,0.75,266
2024-09-23,1 wk ahead inc case,2024-09-28,SK,quantile,0.65,180
2024-09-23,1 wk ahead inc case,2024-09-28,SK,quantile,0.7,218
2024-09-23,0 wk ahead inc case,2024-09-21,SK,quantile,0.025,138
2024-09-23,0 wk ahead inc case,2024-09-21,SK,quantile,0.45,271
2024-09-23,1 wk ahead inc case,2024-09-28,SK,quantile,0.3,50
2024-09-23,1 wk ahead inc case,2024-09-28,SK,quantile,0.8,337
2024-09-23,1 wk ahead inc case,2024-09-28,SK,quantile,0.5,104
2024-09-23,0 wk ahead inc case,2024-09-21,SK,quantile,0.01,120
2024-09-23,1 wk ahead inc case,2024-09-28,SK,quantile,0.45,89
2024-09-23,1 wk ahead inc case,2024-09-28,SK,quantile,0.15,23
2024-09-23,0 wk ahead inc case,2024-09-21,SK,quantile,0.4,259
2024-09-23,1 wk ahead inc case,2024-09-28,SK,quantile,0.1,16
2024-09-23,1 wk ahead inc case,2024-09-28,SK,quantile,0.55,125
2024-09-23,3 wk ahead inc case,2024-10-12,SK,quantile,0.5,142
2024-09-23,1 wk ahead inc case,2024-09-28,SK,quantile,0.025,6
2024-09-23,3 wk ahead inc case,2024-10-12,SK,quantile,0.55,170
2024-09-23,1 wk ahead inc case,2024-09-28,SK,quantile,0.6,150
2024-09-23,3 wk ahead inc case,2024-10-12,SK,quantile,0.4,99
2024-09-23,0 wk ahead inc case,2024-09-21,SK,quantile,0.5,285
2024-09-23,1 wk ahead inc case,2024-09-28,SK,quantile,0.2,31
2024-09-23,0 wk ahead inc case,2024-09-21,SK,quantile,0.3,235
2024-09-23,0 wk ahead inc case,2024-09-21,SK,quantile,0.35,247
2024-09-23,1 wk ahead inc case,2024-09-28,SK,quantile,0.05,9
2024-09-23,3 wk ahead inc case,2024-10-12,SK,quantile,0.45,119
2024-09-23,3 wk ahead inc case,2024-10-12,SK,quantile,0.35,82
2024-09-23,0 wk ahead inc case,2024-09-21,SK,quantile,0.55,297
2024-09-23,1 wk ahead inc case,2024-09-28,SK,quantile,0.85,435
2024-09-23,1 wk ahead inc case,2024-09-28,SK,quantile,0.99,2702
2024-09-23,0 wk ahead inc case,2024-09-21,SK,quantile,0.25,222
2024-09-23,3 wk ahead inc case,2024-10-12,SK,quantile,0.7,307
2024-09-23,1 wk ahead inc case,2024-09-28,SK,quantile,0.25,40
2024-09-23,0 wk ahead inc case,2024-09-21,SK,quantile,0.6,312
2024-09-23,0 wk ahead inc case,2024-09-21,SK,quantile,0.65,327
2024-09-23,1 wk ahead inc case,2024-09-28,SK,quantile,0.01,3
2024-09-23,1 wk ahead inc case,2024-09-28,SK,quantile,0.975,1645
2024-09-23,0 wk ahead inc case,2024-09-21,SK,quantile,0.9,455
2024-09-23,3 wk ahead inc case,2024-10-12,SK,quantile,0.01,5
2024-09-23,3 wk ahead inc case,2024-10-12,SK,quantile,0.15,32
2024-09-23,3 wk ahead inc case,2024-10-12,SK,quantile,0.6,203
2024-09-23,2 wk ahead inc case,2024-10-05,SK,quantile,0.35,82
2024-09-23,3 wk ahead inc case,2024-10-12,SK,quantile,0.1,22
2024-09-23,2 wk ahead inc case,2024-10-05,SK,quantile,0.3,69
2024-09-23,0 wk ahead inc case,2024-09-21,SK,quantile,0.7,344
2024-09-23,0 wk ahead inc case,2024-09-21,SK,quantile,0.85,415
2024-09-23,0 wk ahead inc case,2024-09-21,SK,quantile,0.99,660
2024-09-23,1 wk ahead inc case,2024-09-28,SK,quantile,0.95,1041
2024-09-23,3 wk ahead inc case,2024-10-12,SK,quantile,0.025,8
2024-09-23,3 wk ahead inc case,2024-10-12,SK,quantile,0.2,43
2024-09-23,3 wk ahead inc case,2024-10-12,SK,quantile,0.25,54
2024-09-23,2 wk ahead inc case,2024-10-05,SK,quantile,0.4,98
2024-09-23,2 wk ahead inc case,2024-10-05,SK,quantile,0.45,115
2024-09-23,3 wk ahead inc case,2024-10-12,SK,quantile,0.3,67
2024-09-23,3 wk ahead inc case,2024-10-12,SK,quantile,0.65,248
2024-09-23,3 wk ahead inc case,2024-10-12,SK,quantile,0.85,629
2024-09-23,0 wk ahead inc case,2024-09-21,SK,quantile,0.75,364
2024-09-23,0 wk ahead inc case,2024-09-21,SK,quantile,0.95,519
2024-09-23,0 wk ahead inc case,2024-09-21,SK,quantile,0.975,583
2024-09-23,2 wk ahead inc case,2024-10-05,SK,quantile,0.05,17
2024-09-23,2 wk ahead inc case,2024-10-05,SK,quantile,0.5,135
2024-09-23,1 wk ahead inc case,2024-09-28,SK,quantile,0.9,614
2024-09-23,2 wk ahead inc case,2024-10-05,SK,quantile,0.025,11
2024-09-23,3 wk ahead inc case,2024-10-12,SK,quantile,0.05,13
2024-09-23,3 wk ahead inc case,2024-10-12,SK,quantile,0.75,379
2024-09-23,3 wk ahead inc case,2024-10-12,SK,quantile,0.8,481
2024-09-23,0 wk ahead inc case,2024-09-21,SK,quantile,0.8,385
2024-09-23,2 wk ahead inc case,2024-10-05,SK,quantile,0.01,7
2024-09-23,2 wk ahead inc case,2024-10-05,SK,quantile,0.2,46
2024-09-23,2 wk ahead inc case,2024-10-05,SK,quantile,0.25,57
2024-09-23,2 wk ahead inc case,2024-10-05,SK,quantile,0.1,26
2024-09-23,3 wk ahead inc case,2024-10-12,SK,quantile,0.99,4252
2024-09-23,3 wk ahead inc case,2024-10-12,SK,quantile,0.975,2418
2024-09-23,2 wk ahead inc case,2024-10-05,SK,quantile,0.6,185
2024-09-23,2 wk ahead inc case,2024-10-05,SK,quantile,0.15,35
2024-09-23,2 wk ahead inc case,2024-10-05,SK,quantile,0.55,157
2024-09-23,3 wk ahead inc case,2024-10-12,SK,quantile,0.95,1525
2024-09-23,2 wk ahead inc case,2024-10-05,SK,quantile,0.65,220
2024-09-23,3 wk ahead inc case,2024-10-12,SK,quantile,0.9,908
2024-09-23,2 wk ahead inc case,2024-10-05,SK,quantile,0.75,317
2024-09-23,2 wk ahead inc case,2024-10-05,SK,quantile,0.8,390
2024-09-23,2 wk ahead inc case,2024-10-05,SK,quantile,0.7,262
2024-09-23,2 wk ahead inc case,2024-10-05,SK,quantile,0.9,677
2024-09-23,2 wk ahead inc case,2024-10-05,SK,quantile,0.95,1086
2024-09-23,2 wk ahead inc case,2024-10-05,SK,quantile,0.85,493
2024-09-23,2 wk ahead inc case,2024-10-05,SK,quantile,0.975,1552
2024-09-23,2 wk ahead inc case,2024-10-05,SK,quantile,0.99,2478
2024-09-23,0 wk ahead inc case,2024-09-21,AT,point,NA,21
2024-09-23,0 wk ahead inc case,2024-09-21,BE,point,NA,1379
2024-09-23,1 wk ahead inc case,2024-09-28,BE,point,NA,1422
2024-09-23,2 wk ahead inc case,2024-10-05,BE,point,NA,1450
2024-09-23,3 wk ahead inc case,2024-10-12,BE,point,NA,1453
2024-09-23,2 wk ahead inc case,2024-10-05,BG,point,NA,714
2024-09-23,3 wk ahead inc case,2024-10-12,BG,point,NA,726
2024-09-23,1 wk ahead inc case,2024-09-28,BG,point,NA,774
2024-09-23,0 wk ahead inc case,2024-09-21,BG,point,NA,718
2024-09-23,3 wk ahead inc case,2024-10-12,CZ,point,NA,2510
2024-09-23,1 wk ahead inc case,2024-09-28,CZ,point,NA,2802
2024-09-23,0 wk ahead inc case,2024-09-21,CZ,point,NA,3515
2024-09-23,2 wk ahead inc case,2024-10-05,CZ,point,NA,1743
2024-09-23,0 wk ahead inc case,2024-09-21,GR,point,NA,3897
2024-09-23,3 wk ahead inc case,2024-10-12,GR,point,NA,4278
2024-09-23,2 wk ahead inc case,2024-10-05,GR,point,NA,3904
2024-09-23,1 wk ahead inc case,2024-09-28,GR,point,NA,3915
2024-09-23,0 wk ahead inc case,2024-09-21,HR,point,NA,2473
2024-09-23,3 wk ahead inc case,2024-10-12,HR,point,NA,2684
2024-09-23,1 wk ahead inc case,2024-09-28,HR,point,NA,2126
2024-09-23,2 wk ahead inc case,2024-10-05,HR,point,NA,2405
2024-09-23,0 wk ahead inc case,2024-09-21,HU,point,NA,624
2024-09-23,2 wk ahead inc case,2024-10-05,HU,point,NA,581
2024-09-23,1 wk ahead inc case,2024-09-28,HU,point,NA,652
2024-09-23,3 wk ahead inc case,2024-10-12,HU,point,NA,520
2024-09-23,0 wk ahead inc case,2024-09-21,LT,point,NA,7159
2024-09-23,3 wk ahead inc case,2024-10-12,LT,point,NA,4166
2024-09-23,1 wk ahead inc case,2024-09-28,LT,point,NA,6244
2024-09-23,2 wk ahead inc case,2024-10-05,LT,point,NA,4331
2024-09-23,0 wk ahead inc case,2024-09-21,LU,point,NA,194
2024-09-23,3 wk ahead inc case,2024-10-12,LU,point,NA,198
2024-09-23,2 wk ahead inc case,2024-10-05,LU,point,NA,163
2024-09-23,1 wk ahead inc case,2024-09-28,LU,point,NA,190
2024-09-23,2 wk ahead inc case,2024-10-05,NL,point,NA,199
2024-09-23,1 wk ahead inc case,2024-09-28,NL,point,NA,250
2024-09-23,3 wk ahead inc case,2024-10-12,NL,point,NA,197
2024-09-23,0 wk ahead inc case,2024-09-21,NL,point,NA,218
2024-09-23,1 wk ahead inc case,2024-09-28,NO,point,NA,924
2024-09-23,3 wk ahead inc case,2024-10-12,NO,point,NA,1042
2024-09-23,0 wk ahead inc case,2024-09-21,NO,point,NA,964
2024-09-23,2 wk ahead inc case,2024-10-05,NO,point,NA,891
2024-09-23,3 wk ahead inc case,2024-10-12,PL,point,NA,12087
2024-09-23,2 wk ahead inc case,2024-10-05,PL,point,NA,16333
2024-09-23,0 wk ahead inc case,2024-09-21,PL,point,NA,16327
2024-09-23,1 wk ahead inc case,2024-09-28,PL,point,NA,15907
2024-09-23,0 wk ahead inc case,2024-09-21,PT,point,NA,336
2024-09-23,3 wk ahead inc case,2024-10-12,PT,point,NA,364
2024-09-23,1 wk ahead inc case,2024-09-28,PT,point,NA,287
2024-09-23,2 wk ahead inc case,2024-10-05,PT,point,NA,328
2024-09-23,2 wk ahead inc case,2024-10-05,RO,point,NA,2181
2024-09-23,1 wk ahead inc case,2024-09-28,RO,point,NA,2236
2024-09-23,3 wk ahead inc case,2024-10-12,RO,point,NA,2505
2024-09-23,0 wk ahead inc case,2024-09-21,RO,point,NA,2291
2024-09-23,0 wk ahead inc case,2024-09-21,SE,point,NA,690
2024-09-23,1 wk ahead inc case,2024-09-28,SE,point,NA,722
2024-09-23,3 wk ahead inc case,2024-10-12,SE,point,NA,765
2024-09-23,2 wk ahead inc case,2024-10-05,SE,point,NA,782
2024-09-23,0 wk ahead inc case,2024-09-21,SI,point,NA,271
2024-09-23,1 wk ahead inc case,2024-09-28,SI,point,NA,288
2024-09-23,2 wk ahead inc case,2024-10-05,SI,point,NA,318
2024-09-23,3 wk ahead inc case,2024-10-12,SI,point,NA,308
2024-09-23,1 wk ahead inc case,2024-09-28,SK,point,NA,104
2024-09-23,3 wk ahead inc case,2024-10-12,SK,point,NA,142
2024-09-23,0 wk ahead inc case,2024-09-21,SK,point,NA,285
2024-09-23,2 wk ahead inc case,2024-10-05,SK,point,NA,135
