"origin_date","target","target_end_date","horizon","location","output_type","output_type_id","value"
2025-02-12,"hospital admissions",2025-02-09,1,"CZ","median","",14
2025-02-12,"hospital admissions",2025-02-09,1,"CZ","quantile","0.01",0
2025-02-12,"hospital admissions",2025-02-09,1,"CZ","quantile","0.025",0
2025-02-12,"hospital admissions",2025-02-09,1,"CZ","quantile","0.05",0
2025-02-12,"hospital admissions",2025-02-09,1,"CZ","quantile","0.1",0
2025-02-12,"hospital admissions",2025-02-09,1,"CZ","quantile","0.15",0
2025-02-12,"hospital admissions",2025-02-09,1,"CZ","quantile","0.2",0
2025-02-12,"hospital admissions",2025-02-09,1,"CZ","quantile","0.25",0
2025-02-12,"hospital admissions",2025-02-09,1,"CZ","quantile","0.3",0
2025-02-12,"hospital admissions",2025-02-09,1,"CZ","quantile","0.35",0
2025-02-12,"hospital admissions",2025-02-09,1,"CZ","quantile","0.4",0
2025-02-12,"hospital admissions",2025-02-09,1,"CZ","quantile","0.45",0
2025-02-12,"hospital admissions",2025-02-09,1,"CZ","quantile","0.5",16
2025-02-12,"hospital admissions",2025-02-09,1,"CZ","quantile","0.55",57
2025-02-12,"hospital admissions",2025-02-09,1,"CZ","quantile","0.6",96
2025-02-12,"hospital admissions",2025-02-09,1,"CZ","quantile","0.65",138
2025-02-12,"hospital admissions",2025-02-09,1,"CZ","quantile","0.7",186
2025-02-12,"hospital admissions",2025-02-09,1,"CZ","quantile","0.75",232
2025-02-12,"hospital admissions",2025-02-09,1,"CZ","quantile","0.8",286
2025-02-12,"hospital admissions",2025-02-09,1,"CZ","quantile","0.85",346
2025-02-12,"hospital admissions",2025-02-09,1,"CZ","quantile","0.9",422
2025-02-12,"hospital admissions",2025-02-09,1,"CZ","quantile","0.95",529
2025-02-12,"hospital admissions",2025-02-09,1,"CZ","quantile","0.975",635
2025-02-12,"hospital admissions",2025-02-09,1,"CZ","quantile","0.99",753
2025-02-12,"hospital admissions",2025-02-16,2,"CZ","median","",14
2025-02-12,"hospital admissions",2025-02-16,2,"CZ","quantile","0.01",0
2025-02-12,"hospital admissions",2025-02-16,2,"CZ","quantile","0.025",0
2025-02-12,"hospital admissions",2025-02-16,2,"CZ","quantile","0.05",0
2025-02-12,"hospital admissions",2025-02-16,2,"CZ","quantile","0.1",0
2025-02-12,"hospital admissions",2025-02-16,2,"CZ","quantile","0.15",0
2025-02-12,"hospital admissions",2025-02-16,2,"CZ","quantile","0.2",0
2025-02-12,"hospital admissions",2025-02-16,2,"CZ","quantile","0.25",0
2025-02-12,"hospital admissions",2025-02-16,2,"CZ","quantile","0.3",0
2025-02-12,"hospital admissions",2025-02-16,2,"CZ","quantile","0.35",0
2025-02-12,"hospital admissions",2025-02-16,2,"CZ","quantile","0.4",0
2025-02-12,"hospital admissions",2025-02-16,2,"CZ","quantile","0.45",0
2025-02-12,"hospital admissions",2025-02-16,2,"CZ","quantile","0.5",8
2025-02-12,"hospital admissions",2025-02-16,2,"CZ","quantile","0.55",84
2025-02-12,"hospital admissions",2025-02-16,2,"CZ","quantile","0.6",162
2025-02-12,"hospital admissions",2025-02-16,2,"CZ","quantile","0.65",245
2025-02-12,"hospital admissions",2025-02-16,2,"CZ","quantile","0.7",325
2025-02-12,"hospital admissions",2025-02-16,2,"CZ","quantile","0.75",415
2025-02-12,"hospital admissions",2025-02-16,2,"CZ","quantile","0.8",513
2025-02-12,"hospital admissions",2025-02-16,2,"CZ","quantile","0.85",618
2025-02-12,"hospital admissions",2025-02-16,2,"CZ","quantile","0.9",765
2025-02-12,"hospital admissions",2025-02-16,2,"CZ","quantile","0.95",999
2025-02-12,"hospital admissions",2025-02-16,2,"CZ","quantile","0.975",1172
2025-02-12,"hospital admissions",2025-02-16,2,"CZ","quantile","0.99",1404
2025-02-12,"hospital admissions",2025-02-23,3,"CZ","median","",16
2025-02-12,"hospital admissions",2025-02-23,3,"CZ","quantile","0.01",0
2025-02-12,"hospital admissions",2025-02-23,3,"CZ","quantile","0.025",0
2025-02-12,"hospital admissions",2025-02-23,3,"CZ","quantile","0.05",0
2025-02-12,"hospital admissions",2025-02-23,3,"CZ","quantile","0.1",0
2025-02-12,"hospital admissions",2025-02-23,3,"CZ","quantile","0.15",0
2025-02-12,"hospital admissions",2025-02-23,3,"CZ","quantile","0.2",0
2025-02-12,"hospital admissions",2025-02-23,3,"CZ","quantile","0.25",0
2025-02-12,"hospital admissions",2025-02-23,3,"CZ","quantile","0.3",0
2025-02-12,"hospital admissions",2025-02-23,3,"CZ","quantile","0.35",0
2025-02-12,"hospital admissions",2025-02-23,3,"CZ","quantile","0.4",0
2025-02-12,"hospital admissions",2025-02-23,3,"CZ","quantile","0.45",0
2025-02-12,"hospital admissions",2025-02-23,3,"CZ","quantile","0.5",4
2025-02-12,"hospital admissions",2025-02-23,3,"CZ","quantile","0.55",115
2025-02-12,"hospital admissions",2025-02-23,3,"CZ","quantile","0.6",227
2025-02-12,"hospital admissions",2025-02-23,3,"CZ","quantile","0.65",348
2025-02-12,"hospital admissions",2025-02-23,3,"CZ","quantile","0.7",465
2025-02-12,"hospital admissions",2025-02-23,3,"CZ","quantile","0.75",592
2025-02-12,"hospital admissions",2025-02-23,3,"CZ","quantile","0.8",728
2025-02-12,"hospital admissions",2025-02-23,3,"CZ","quantile","0.85",895
2025-02-12,"hospital admissions",2025-02-23,3,"CZ","quantile","0.9",1096
2025-02-12,"hospital admissions",2025-02-23,3,"CZ","quantile","0.95",1410
2025-02-12,"hospital admissions",2025-02-23,3,"CZ","quantile","0.975",1700
2025-02-12,"hospital admissions",2025-02-23,3,"CZ","quantile","0.99",2049
2025-02-12,"hospital admissions",2025-03-02,4,"CZ","median","",18
2025-02-12,"hospital admissions",2025-03-02,4,"CZ","quantile","0.01",0
2025-02-12,"hospital admissions",2025-03-02,4,"CZ","quantile","0.025",0
2025-02-12,"hospital admissions",2025-03-02,4,"CZ","quantile","0.05",0
2025-02-12,"hospital admissions",2025-03-02,4,"CZ","quantile","0.1",0
2025-02-12,"hospital admissions",2025-03-02,4,"CZ","quantile","0.15",0
2025-02-12,"hospital admissions",2025-03-02,4,"CZ","quantile","0.2",0
2025-02-12,"hospital admissions",2025-03-02,4,"CZ","quantile","0.25",0
2025-02-12,"hospital admissions",2025-03-02,4,"CZ","quantile","0.3",0
2025-02-12,"hospital admissions",2025-03-02,4,"CZ","quantile","0.35",0
2025-02-12,"hospital admissions",2025-03-02,4,"CZ","quantile","0.4",0
2025-02-12,"hospital admissions",2025-03-02,4,"CZ","quantile","0.45",0
2025-02-12,"hospital admissions",2025-03-02,4,"CZ","quantile","0.5",4
2025-02-12,"hospital admissions",2025-03-02,4,"CZ","quantile","0.55",130
2025-02-12,"hospital admissions",2025-03-02,4,"CZ","quantile","0.6",277
2025-02-12,"hospital admissions",2025-03-02,4,"CZ","quantile","0.65",416
2025-02-12,"hospital admissions",2025-03-02,4,"CZ","quantile","0.7",563
2025-02-12,"hospital admissions",2025-03-02,4,"CZ","quantile","0.75",734
2025-02-12,"hospital admissions",2025-03-02,4,"CZ","quantile","0.8",911
2025-02-12,"hospital admissions",2025-03-02,4,"CZ","quantile","0.85",1120
2025-02-12,"hospital admissions",2025-03-02,4,"CZ","quantile","0.9",1376
2025-02-12,"hospital admissions",2025-03-02,4,"CZ","quantile","0.95",1754
2025-02-12,"hospital admissions",2025-03-02,4,"CZ","quantile","0.975",2133
2025-02-12,"hospital admissions",2025-03-02,4,"CZ","quantile","0.99",2520
2025-02-12,"hospital admissions",2025-02-09,1,"GR","median","",157
2025-02-12,"hospital admissions",2025-02-09,1,"GR","quantile","0.01",0
2025-02-12,"hospital admissions",2025-02-09,1,"GR","quantile","0.025",0
2025-02-12,"hospital admissions",2025-02-09,1,"GR","quantile","0.05",0
2025-02-12,"hospital admissions",2025-02-09,1,"GR","quantile","0.1",0
2025-02-12,"hospital admissions",2025-02-09,1,"GR","quantile","0.15",0
2025-02-12,"hospital admissions",2025-02-09,1,"GR","quantile","0.2",0
2025-02-12,"hospital admissions",2025-02-09,1,"GR","quantile","0.25",30
2025-02-12,"hospital admissions",2025-02-09,1,"GR","quantile","0.3",59
2025-02-12,"hospital admissions",2025-02-09,1,"GR","quantile","0.35",83
2025-02-12,"hospital admissions",2025-02-09,1,"GR","quantile","0.4",107
2025-02-12,"hospital admissions",2025-02-09,1,"GR","quantile","0.45",131
2025-02-12,"hospital admissions",2025-02-09,1,"GR","quantile","0.5",156
2025-02-12,"hospital admissions",2025-02-09,1,"GR","quantile","0.55",181
2025-02-12,"hospital admissions",2025-02-09,1,"GR","quantile","0.6",204
2025-02-12,"hospital admissions",2025-02-09,1,"GR","quantile","0.65",230
2025-02-12,"hospital admissions",2025-02-09,1,"GR","quantile","0.7",255
2025-02-12,"hospital admissions",2025-02-09,1,"GR","quantile","0.75",283
2025-02-12,"hospital admissions",2025-02-09,1,"GR","quantile","0.8",314
2025-02-12,"hospital admissions",2025-02-09,1,"GR","quantile","0.85",348
2025-02-12,"hospital admissions",2025-02-09,1,"GR","quantile","0.9",390
2025-02-12,"hospital admissions",2025-02-09,1,"GR","quantile","0.95",456
2025-02-12,"hospital admissions",2025-02-09,1,"GR","quantile","0.975",519
2025-02-12,"hospital admissions",2025-02-09,1,"GR","quantile","0.99",587
2025-02-12,"hospital admissions",2025-02-16,2,"GR","median","",134
2025-02-12,"hospital admissions",2025-02-16,2,"GR","quantile","0.01",0
2025-02-12,"hospital admissions",2025-02-16,2,"GR","quantile","0.025",0
2025-02-12,"hospital admissions",2025-02-16,2,"GR","quantile","0.05",0
2025-02-12,"hospital admissions",2025-02-16,2,"GR","quantile","0.1",0
2025-02-12,"hospital admissions",2025-02-16,2,"GR","quantile","0.15",0
2025-02-12,"hospital admissions",2025-02-16,2,"GR","quantile","0.2",0
2025-02-12,"hospital admissions",2025-02-16,2,"GR","quantile","0.25",0
2025-02-12,"hospital admissions",2025-02-16,2,"GR","quantile","0.3",0
2025-02-12,"hospital admissions",2025-02-16,2,"GR","quantile","0.35",0
2025-02-12,"hospital admissions",2025-02-16,2,"GR","quantile","0.4",42
2025-02-12,"hospital admissions",2025-02-16,2,"GR","quantile","0.45",89
2025-02-12,"hospital admissions",2025-02-16,2,"GR","quantile","0.5",139
2025-02-12,"hospital admissions",2025-02-16,2,"GR","quantile","0.55",181
2025-02-12,"hospital admissions",2025-02-16,2,"GR","quantile","0.6",227
2025-02-12,"hospital admissions",2025-02-16,2,"GR","quantile","0.65",276
2025-02-12,"hospital admissions",2025-02-16,2,"GR","quantile","0.7",322
2025-02-12,"hospital admissions",2025-02-16,2,"GR","quantile","0.75",374
2025-02-12,"hospital admissions",2025-02-16,2,"GR","quantile","0.8",431
2025-02-12,"hospital admissions",2025-02-16,2,"GR","quantile","0.85",499
2025-02-12,"hospital admissions",2025-02-16,2,"GR","quantile","0.9",578
2025-02-12,"hospital admissions",2025-02-16,2,"GR","quantile","0.95",695
2025-02-12,"hospital admissions",2025-02-16,2,"GR","quantile","0.975",813
2025-02-12,"hospital admissions",2025-02-16,2,"GR","quantile","0.99",944
2025-02-12,"hospital admissions",2025-02-23,3,"GR","median","",150
2025-02-12,"hospital admissions",2025-02-23,3,"GR","quantile","0.01",0
2025-02-12,"hospital admissions",2025-02-23,3,"GR","quantile","0.025",0
2025-02-12,"hospital admissions",2025-02-23,3,"GR","quantile","0.05",0
2025-02-12,"hospital admissions",2025-02-23,3,"GR","quantile","0.1",0
2025-02-12,"hospital admissions",2025-02-23,3,"GR","quantile","0.15",0
2025-02-12,"hospital admissions",2025-02-23,3,"GR","quantile","0.2",0
2025-02-12,"hospital admissions",2025-02-23,3,"GR","quantile","0.25",0
2025-02-12,"hospital admissions",2025-02-23,3,"GR","quantile","0.3",0
2025-02-12,"hospital admissions",2025-02-23,3,"GR","quantile","0.35",0
2025-02-12,"hospital admissions",2025-02-23,3,"GR","quantile","0.4",20
2025-02-12,"hospital admissions",2025-02-23,3,"GR","quantile","0.45",88
2025-02-12,"hospital admissions",2025-02-23,3,"GR","quantile","0.5",156
2025-02-12,"hospital admissions",2025-02-23,3,"GR","quantile","0.55",223
2025-02-12,"hospital admissions",2025-02-23,3,"GR","quantile","0.6",288
2025-02-12,"hospital admissions",2025-02-23,3,"GR","quantile","0.65",350
2025-02-12,"hospital admissions",2025-02-23,3,"GR","quantile","0.7",415
2025-02-12,"hospital admissions",2025-02-23,3,"GR","quantile","0.75",492
2025-02-12,"hospital admissions",2025-02-23,3,"GR","quantile","0.8",575
2025-02-12,"hospital admissions",2025-02-23,3,"GR","quantile","0.85",668
2025-02-12,"hospital admissions",2025-02-23,3,"GR","quantile","0.9",785
2025-02-12,"hospital admissions",2025-02-23,3,"GR","quantile","0.95",958
2025-02-12,"hospital admissions",2025-02-23,3,"GR","quantile","0.975",1124
2025-02-12,"hospital admissions",2025-02-23,3,"GR","quantile","0.99",1321
2025-02-12,"hospital admissions",2025-03-02,4,"GR","median","",189
2025-02-12,"hospital admissions",2025-03-02,4,"GR","quantile","0.01",0
2025-02-12,"hospital admissions",2025-03-02,4,"GR","quantile","0.025",0
2025-02-12,"hospital admissions",2025-03-02,4,"GR","quantile","0.05",0
2025-02-12,"hospital admissions",2025-03-02,4,"GR","quantile","0.1",0
2025-02-12,"hospital admissions",2025-03-02,4,"GR","quantile","0.15",0
2025-02-12,"hospital admissions",2025-03-02,4,"GR","quantile","0.2",0
2025-02-12,"hospital admissions",2025-03-02,4,"GR","quantile","0.25",0
2025-02-12,"hospital admissions",2025-03-02,4,"GR","quantile","0.3",0
2025-02-12,"hospital admissions",2025-03-02,4,"GR","quantile","0.35",0
2025-02-12,"hospital admissions",2025-03-02,4,"GR","quantile","0.4",32
2025-02-12,"hospital admissions",2025-03-02,4,"GR","quantile","0.45",113
2025-02-12,"hospital admissions",2025-03-02,4,"GR","quantile","0.5",194
2025-02-12,"hospital admissions",2025-03-02,4,"GR","quantile","0.55",275
2025-02-12,"hospital admissions",2025-03-02,4,"GR","quantile","0.6",355
2025-02-12,"hospital admissions",2025-03-02,4,"GR","quantile","0.65",439
2025-02-12,"hospital admissions",2025-03-02,4,"GR","quantile","0.7",529
2025-02-12,"hospital admissions",2025-03-02,4,"GR","quantile","0.75",616
2025-02-12,"hospital admissions",2025-03-02,4,"GR","quantile","0.8",713
2025-02-12,"hospital admissions",2025-03-02,4,"GR","quantile","0.85",834
2025-02-12,"hospital admissions",2025-03-02,4,"GR","quantile","0.9",972
2025-02-12,"hospital admissions",2025-03-02,4,"GR","quantile","0.95",1193
2025-02-12,"hospital admissions",2025-03-02,4,"GR","quantile","0.975",1396
2025-02-12,"hospital admissions",2025-03-02,4,"GR","quantile","0.99",1641
2025-02-12,"hospital admissions",2025-02-09,1,"HU","median","",5
2025-02-12,"hospital admissions",2025-02-09,1,"HU","quantile","0.01",0
2025-02-12,"hospital admissions",2025-02-09,1,"HU","quantile","0.025",0
2025-02-12,"hospital admissions",2025-02-09,1,"HU","quantile","0.05",0
2025-02-12,"hospital admissions",2025-02-09,1,"HU","quantile","0.1",0
2025-02-12,"hospital admissions",2025-02-09,1,"HU","quantile","0.15",0
2025-02-12,"hospital admissions",2025-02-09,1,"HU","quantile","0.2",0
2025-02-12,"hospital admissions",2025-02-09,1,"HU","quantile","0.25",0
2025-02-12,"hospital admissions",2025-02-09,1,"HU","quantile","0.3",0
2025-02-12,"hospital admissions",2025-02-09,1,"HU","quantile","0.35",0
2025-02-12,"hospital admissions",2025-02-09,1,"HU","quantile","0.4",1
2025-02-12,"hospital admissions",2025-02-09,1,"HU","quantile","0.45",3
2025-02-12,"hospital admissions",2025-02-09,1,"HU","quantile","0.5",5
2025-02-12,"hospital admissions",2025-02-09,1,"HU","quantile","0.55",6
2025-02-12,"hospital admissions",2025-02-09,1,"HU","quantile","0.6",8
2025-02-12,"hospital admissions",2025-02-09,1,"HU","quantile","0.65",10
2025-02-12,"hospital admissions",2025-02-09,1,"HU","quantile","0.7",12
2025-02-12,"hospital admissions",2025-02-09,1,"HU","quantile","0.75",14
2025-02-12,"hospital admissions",2025-02-09,1,"HU","quantile","0.8",16
2025-02-12,"hospital admissions",2025-02-09,1,"HU","quantile","0.85",19
2025-02-12,"hospital admissions",2025-02-09,1,"HU","quantile","0.9",22
2025-02-12,"hospital admissions",2025-02-09,1,"HU","quantile","0.95",27
2025-02-12,"hospital admissions",2025-02-09,1,"HU","quantile","0.975",31
2025-02-12,"hospital admissions",2025-02-09,1,"HU","quantile","0.99",37
2025-02-12,"hospital admissions",2025-02-16,2,"HU","median","",5
2025-02-12,"hospital admissions",2025-02-16,2,"HU","quantile","0.01",0
2025-02-12,"hospital admissions",2025-02-16,2,"HU","quantile","0.025",0
2025-02-12,"hospital admissions",2025-02-16,2,"HU","quantile","0.05",0
2025-02-12,"hospital admissions",2025-02-16,2,"HU","quantile","0.1",0
2025-02-12,"hospital admissions",2025-02-16,2,"HU","quantile","0.15",0
2025-02-12,"hospital admissions",2025-02-16,2,"HU","quantile","0.2",0
2025-02-12,"hospital admissions",2025-02-16,2,"HU","quantile","0.25",0
2025-02-12,"hospital admissions",2025-02-16,2,"HU","quantile","0.3",0
2025-02-12,"hospital admissions",2025-02-16,2,"HU","quantile","0.35",0
2025-02-12,"hospital admissions",2025-02-16,2,"HU","quantile","0.4",1
2025-02-12,"hospital admissions",2025-02-16,2,"HU","quantile","0.45",3
2025-02-12,"hospital admissions",2025-02-16,2,"HU","quantile","0.5",6
2025-02-12,"hospital admissions",2025-02-16,2,"HU","quantile","0.55",8
2025-02-12,"hospital admissions",2025-02-16,2,"HU","quantile","0.6",10
2025-02-12,"hospital admissions",2025-02-16,2,"HU","quantile","0.65",13
2025-02-12,"hospital admissions",2025-02-16,2,"HU","quantile","0.7",15
2025-02-12,"hospital admissions",2025-02-16,2,"HU","quantile","0.75",18
2025-02-12,"hospital admissions",2025-02-16,2,"HU","quantile","0.8",20
2025-02-12,"hospital admissions",2025-02-16,2,"HU","quantile","0.85",24
2025-02-12,"hospital admissions",2025-02-16,2,"HU","quantile","0.9",28
2025-02-12,"hospital admissions",2025-02-16,2,"HU","quantile","0.95",35
2025-02-12,"hospital admissions",2025-02-16,2,"HU","quantile","0.975",41
2025-02-12,"hospital admissions",2025-02-16,2,"HU","quantile","0.99",47
2025-02-12,"hospital admissions",2025-02-23,3,"HU","median","",9
2025-02-12,"hospital admissions",2025-02-23,3,"HU","quantile","0.01",0
2025-02-12,"hospital admissions",2025-02-23,3,"HU","quantile","0.025",0
2025-02-12,"hospital admissions",2025-02-23,3,"HU","quantile","0.05",0
2025-02-12,"hospital admissions",2025-02-23,3,"HU","quantile","0.1",0
2025-02-12,"hospital admissions",2025-02-23,3,"HU","quantile","0.15",0
2025-02-12,"hospital admissions",2025-02-23,3,"HU","quantile","0.2",0
2025-02-12,"hospital admissions",2025-02-23,3,"HU","quantile","0.25",0
2025-02-12,"hospital admissions",2025-02-23,3,"HU","quantile","0.3",0
2025-02-12,"hospital admissions",2025-02-23,3,"HU","quantile","0.35",0
2025-02-12,"hospital admissions",2025-02-23,3,"HU","quantile","0.4",3
2025-02-12,"hospital admissions",2025-02-23,3,"HU","quantile","0.45",6
2025-02-12,"hospital admissions",2025-02-23,3,"HU","quantile","0.5",9
2025-02-12,"hospital admissions",2025-02-23,3,"HU","quantile","0.55",12
2025-02-12,"hospital admissions",2025-02-23,3,"HU","quantile","0.6",14
2025-02-12,"hospital admissions",2025-02-23,3,"HU","quantile","0.65",17
2025-02-12,"hospital admissions",2025-02-23,3,"HU","quantile","0.7",21
2025-02-12,"hospital admissions",2025-02-23,3,"HU","quantile","0.75",24
2025-02-12,"hospital admissions",2025-02-23,3,"HU","quantile","0.8",28
2025-02-12,"hospital admissions",2025-02-23,3,"HU","quantile","0.85",32
2025-02-12,"hospital admissions",2025-02-23,3,"HU","quantile","0.9",38
2025-02-12,"hospital admissions",2025-02-23,3,"HU","quantile","0.95",45
2025-02-12,"hospital admissions",2025-02-23,3,"HU","quantile","0.975",52
2025-02-12,"hospital admissions",2025-02-23,3,"HU","quantile","0.99",61
2025-02-12,"hospital admissions",2025-03-02,4,"HU","median","",12
2025-02-12,"hospital admissions",2025-03-02,4,"HU","quantile","0.01",0
2025-02-12,"hospital admissions",2025-03-02,4,"HU","quantile","0.025",0
2025-02-12,"hospital admissions",2025-03-02,4,"HU","quantile","0.05",0
2025-02-12,"hospital admissions",2025-03-02,4,"HU","quantile","0.1",0
2025-02-12,"hospital admissions",2025-03-02,4,"HU","quantile","0.15",0
2025-02-12,"hospital admissions",2025-03-02,4,"HU","quantile","0.2",0
2025-02-12,"hospital admissions",2025-03-02,4,"HU","quantile","0.25",0
2025-02-12,"hospital admissions",2025-03-02,4,"HU","quantile","0.3",0
2025-02-12,"hospital admissions",2025-03-02,4,"HU","quantile","0.35",2
2025-02-12,"hospital admissions",2025-03-02,4,"HU","quantile","0.4",5
2025-02-12,"hospital admissions",2025-03-02,4,"HU","quantile","0.45",8
2025-02-12,"hospital admissions",2025-03-02,4,"HU","quantile","0.5",12
2025-02-12,"hospital admissions",2025-03-02,4,"HU","quantile","0.55",15
2025-02-12,"hospital admissions",2025-03-02,4,"HU","quantile","0.6",18
2025-02-12,"hospital admissions",2025-03-02,4,"HU","quantile","0.65",22
2025-02-12,"hospital admissions",2025-03-02,4,"HU","quantile","0.7",25
2025-02-12,"hospital admissions",2025-03-02,4,"HU","quantile","0.75",29
2025-02-12,"hospital admissions",2025-03-02,4,"HU","quantile","0.8",33
2025-02-12,"hospital admissions",2025-03-02,4,"HU","quantile","0.85",38
2025-02-12,"hospital admissions",2025-03-02,4,"HU","quantile","0.9",45
2025-02-12,"hospital admissions",2025-03-02,4,"HU","quantile","0.95",55
2025-02-12,"hospital admissions",2025-03-02,4,"HU","quantile","0.975",63
2025-02-12,"hospital admissions",2025-03-02,4,"HU","quantile","0.99",72
2025-02-12,"hospital admissions",2025-02-09,1,"IE","median","",37
2025-02-12,"hospital admissions",2025-02-09,1,"IE","quantile","0.01",0
2025-02-12,"hospital admissions",2025-02-09,1,"IE","quantile","0.025",0
2025-02-12,"hospital admissions",2025-02-09,1,"IE","quantile","0.05",0
2025-02-12,"hospital admissions",2025-02-09,1,"IE","quantile","0.1",0
2025-02-12,"hospital admissions",2025-02-09,1,"IE","quantile","0.15",0
2025-02-12,"hospital admissions",2025-02-09,1,"IE","quantile","0.2",0
2025-02-12,"hospital admissions",2025-02-09,1,"IE","quantile","0.25",0
2025-02-12,"hospital admissions",2025-02-09,1,"IE","quantile","0.3",0
2025-02-12,"hospital admissions",2025-02-09,1,"IE","quantile","0.35",0
2025-02-12,"hospital admissions",2025-02-09,1,"IE","quantile","0.4",4
2025-02-12,"hospital admissions",2025-02-09,1,"IE","quantile","0.45",20
2025-02-12,"hospital admissions",2025-02-09,1,"IE","quantile","0.5",36
2025-02-12,"hospital admissions",2025-02-09,1,"IE","quantile","0.55",52
2025-02-12,"hospital admissions",2025-02-09,1,"IE","quantile","0.6",68
2025-02-12,"hospital admissions",2025-02-09,1,"IE","quantile","0.65",84
2025-02-12,"hospital admissions",2025-02-09,1,"IE","quantile","0.7",101
2025-02-12,"hospital admissions",2025-02-09,1,"IE","quantile","0.75",120
2025-02-12,"hospital admissions",2025-02-09,1,"IE","quantile","0.8",140
2025-02-12,"hospital admissions",2025-02-09,1,"IE","quantile","0.85",163
2025-02-12,"hospital admissions",2025-02-09,1,"IE","quantile","0.9",193
2025-02-12,"hospital admissions",2025-02-09,1,"IE","quantile","0.95",240
2025-02-12,"hospital admissions",2025-02-09,1,"IE","quantile","0.975",281
2025-02-12,"hospital admissions",2025-02-09,1,"IE","quantile","0.99",330
2025-02-12,"hospital admissions",2025-02-16,2,"IE","median","",43
2025-02-12,"hospital admissions",2025-02-16,2,"IE","quantile","0.01",0
2025-02-12,"hospital admissions",2025-02-16,2,"IE","quantile","0.025",0
2025-02-12,"hospital admissions",2025-02-16,2,"IE","quantile","0.05",0
2025-02-12,"hospital admissions",2025-02-16,2,"IE","quantile","0.1",0
2025-02-12,"hospital admissions",2025-02-16,2,"IE","quantile","0.15",0
2025-02-12,"hospital admissions",2025-02-16,2,"IE","quantile","0.2",0
2025-02-12,"hospital admissions",2025-02-16,2,"IE","quantile","0.25",0
2025-02-12,"hospital admissions",2025-02-16,2,"IE","quantile","0.3",0
2025-02-12,"hospital admissions",2025-02-16,2,"IE","quantile","0.35",0
2025-02-12,"hospital admissions",2025-02-16,2,"IE","quantile","0.4",2
2025-02-12,"hospital admissions",2025-02-16,2,"IE","quantile","0.45",25
2025-02-12,"hospital admissions",2025-02-16,2,"IE","quantile","0.5",44
2025-02-12,"hospital admissions",2025-02-16,2,"IE","quantile","0.55",65
2025-02-12,"hospital admissions",2025-02-16,2,"IE","quantile","0.6",87
2025-02-12,"hospital admissions",2025-02-16,2,"IE","quantile","0.65",109
2025-02-12,"hospital admissions",2025-02-16,2,"IE","quantile","0.7",133
2025-02-12,"hospital admissions",2025-02-16,2,"IE","quantile","0.75",158
2025-02-12,"hospital admissions",2025-02-16,2,"IE","quantile","0.8",185
2025-02-12,"hospital admissions",2025-02-16,2,"IE","quantile","0.85",217
2025-02-12,"hospital admissions",2025-02-16,2,"IE","quantile","0.9",257
2025-02-12,"hospital admissions",2025-02-16,2,"IE","quantile","0.95",320
2025-02-12,"hospital admissions",2025-02-16,2,"IE","quantile","0.975",375
2025-02-12,"hospital admissions",2025-02-16,2,"IE","quantile","0.99",432
2025-02-12,"hospital admissions",2025-02-23,3,"IE","median","",52
2025-02-12,"hospital admissions",2025-02-23,3,"IE","quantile","0.01",0
2025-02-12,"hospital admissions",2025-02-23,3,"IE","quantile","0.025",0
2025-02-12,"hospital admissions",2025-02-23,3,"IE","quantile","0.05",0
2025-02-12,"hospital admissions",2025-02-23,3,"IE","quantile","0.1",0
2025-02-12,"hospital admissions",2025-02-23,3,"IE","quantile","0.15",0
2025-02-12,"hospital admissions",2025-02-23,3,"IE","quantile","0.2",0
2025-02-12,"hospital admissions",2025-02-23,3,"IE","quantile","0.25",0
2025-02-12,"hospital admissions",2025-02-23,3,"IE","quantile","0.3",0
2025-02-12,"hospital admissions",2025-02-23,3,"IE","quantile","0.35",0
2025-02-12,"hospital admissions",2025-02-23,3,"IE","quantile","0.4",0
2025-02-12,"hospital admissions",2025-02-23,3,"IE","quantile","0.45",25
2025-02-12,"hospital admissions",2025-02-23,3,"IE","quantile","0.5",49
2025-02-12,"hospital admissions",2025-02-23,3,"IE","quantile","0.55",75
2025-02-12,"hospital admissions",2025-02-23,3,"IE","quantile","0.6",102
2025-02-12,"hospital admissions",2025-02-23,3,"IE","quantile","0.65",128
2025-02-12,"hospital admissions",2025-02-23,3,"IE","quantile","0.7",157
2025-02-12,"hospital admissions",2025-02-23,3,"IE","quantile","0.75",190
2025-02-12,"hospital admissions",2025-02-23,3,"IE","quantile","0.8",226
2025-02-12,"hospital admissions",2025-02-23,3,"IE","quantile","0.85",265
2025-02-12,"hospital admissions",2025-02-23,3,"IE","quantile","0.9",315
2025-02-12,"hospital admissions",2025-02-23,3,"IE","quantile","0.95",388
2025-02-12,"hospital admissions",2025-02-23,3,"IE","quantile","0.975",450
2025-02-12,"hospital admissions",2025-02-23,3,"IE","quantile","0.99",525
2025-02-12,"hospital admissions",2025-03-02,4,"IE","median","",58
2025-02-12,"hospital admissions",2025-03-02,4,"IE","quantile","0.01",0
2025-02-12,"hospital admissions",2025-03-02,4,"IE","quantile","0.025",0
2025-02-12,"hospital admissions",2025-03-02,4,"IE","quantile","0.05",0
2025-02-12,"hospital admissions",2025-03-02,4,"IE","quantile","0.1",0
2025-02-12,"hospital admissions",2025-03-02,4,"IE","quantile","0.15",0
2025-02-12,"hospital admissions",2025-03-02,4,"IE","quantile","0.2",0
2025-02-12,"hospital admissions",2025-03-02,4,"IE","quantile","0.25",0
2025-02-12,"hospital admissions",2025-03-02,4,"IE","quantile","0.3",0
2025-02-12,"hospital admissions",2025-03-02,4,"IE","quantile","0.35",0
2025-02-12,"hospital admissions",2025-03-02,4,"IE","quantile","0.4",0
2025-02-12,"hospital admissions",2025-03-02,4,"IE","quantile","0.45",27
2025-02-12,"hospital admissions",2025-03-02,4,"IE","quantile","0.5",57
2025-02-12,"hospital admissions",2025-03-02,4,"IE","quantile","0.55",86
2025-02-12,"hospital admissions",2025-03-02,4,"IE","quantile","0.6",117
2025-02-12,"hospital admissions",2025-03-02,4,"IE","quantile","0.65",146
2025-02-12,"hospital admissions",2025-03-02,4,"IE","quantile","0.7",176
2025-02-12,"hospital admissions",2025-03-02,4,"IE","quantile","0.75",211
2025-02-12,"hospital admissions",2025-03-02,4,"IE","quantile","0.8",250
2025-02-12,"hospital admissions",2025-03-02,4,"IE","quantile","0.85",294
2025-02-12,"hospital admissions",2025-03-02,4,"IE","quantile","0.9",352
2025-02-12,"hospital admissions",2025-03-02,4,"IE","quantile","0.95",436
2025-02-12,"hospital admissions",2025-03-02,4,"IE","quantile","0.975",513
2025-02-12,"hospital admissions",2025-03-02,4,"IE","quantile","0.99",604
2025-02-12,"hospital admissions",2025-02-09,1,"LT","median","",518
2025-02-12,"hospital admissions",2025-02-09,1,"LT","quantile","0.01",0
2025-02-12,"hospital admissions",2025-02-09,1,"LT","quantile","0.025",0
2025-02-12,"hospital admissions",2025-02-09,1,"LT","quantile","0.05",0
2025-02-12,"hospital admissions",2025-02-09,1,"LT","quantile","0.1",0
2025-02-12,"hospital admissions",2025-02-09,1,"LT","quantile","0.15",0
2025-02-12,"hospital admissions",2025-02-09,1,"LT","quantile","0.2",0
2025-02-12,"hospital admissions",2025-02-09,1,"LT","quantile","0.25",0
2025-02-12,"hospital admissions",2025-02-09,1,"LT","quantile","0.3",0
2025-02-12,"hospital admissions",2025-02-09,1,"LT","quantile","0.35",0
2025-02-12,"hospital admissions",2025-02-09,1,"LT","quantile","0.4",0
2025-02-12,"hospital admissions",2025-02-09,1,"LT","quantile","0.45",57
2025-02-12,"hospital admissions",2025-02-09,1,"LT","quantile","0.5",585
2025-02-12,"hospital admissions",2025-02-09,1,"LT","quantile","0.55",1078
2025-02-12,"hospital admissions",2025-02-09,1,"LT","quantile","0.6",1550
2025-02-12,"hospital admissions",2025-02-09,1,"LT","quantile","0.65",2070
2025-02-12,"hospital admissions",2025-02-09,1,"LT","quantile","0.7",2700
2025-02-12,"hospital admissions",2025-02-09,1,"LT","quantile","0.75",3314
2025-02-12,"hospital admissions",2025-02-09,1,"LT","quantile","0.8",4016
2025-02-12,"hospital admissions",2025-02-09,1,"LT","quantile","0.85",4831
2025-02-12,"hospital admissions",2025-02-09,1,"LT","quantile","0.9",5829
2025-02-12,"hospital admissions",2025-02-09,1,"LT","quantile","0.95",7450
2025-02-12,"hospital admissions",2025-02-09,1,"LT","quantile","0.975",8745
2025-02-12,"hospital admissions",2025-02-09,1,"LT","quantile","0.99",10170
2025-02-12,"hospital admissions",2025-02-16,2,"LT","median","",1030
2025-02-12,"hospital admissions",2025-02-16,2,"LT","quantile","0.01",0
2025-02-12,"hospital admissions",2025-02-16,2,"LT","quantile","0.025",0
2025-02-12,"hospital admissions",2025-02-16,2,"LT","quantile","0.05",0
2025-02-12,"hospital admissions",2025-02-16,2,"LT","quantile","0.1",0
2025-02-12,"hospital admissions",2025-02-16,2,"LT","quantile","0.15",0
2025-02-12,"hospital admissions",2025-02-16,2,"LT","quantile","0.2",0
2025-02-12,"hospital admissions",2025-02-16,2,"LT","quantile","0.25",0
2025-02-12,"hospital admissions",2025-02-16,2,"LT","quantile","0.3",0
2025-02-12,"hospital admissions",2025-02-16,2,"LT","quantile","0.35",0
2025-02-12,"hospital admissions",2025-02-16,2,"LT","quantile","0.4",0
2025-02-12,"hospital admissions",2025-02-16,2,"LT","quantile","0.45",261
2025-02-12,"hospital admissions",2025-02-16,2,"LT","quantile","0.5",1013
2025-02-12,"hospital admissions",2025-02-16,2,"LT","quantile","0.55",1771
2025-02-12,"hospital admissions",2025-02-16,2,"LT","quantile","0.6",2590
2025-02-12,"hospital admissions",2025-02-16,2,"LT","quantile","0.65",3399
2025-02-12,"hospital admissions",2025-02-16,2,"LT","quantile","0.7",4168
2025-02-12,"hospital admissions",2025-02-16,2,"LT","quantile","0.75",5050
2025-02-12,"hospital admissions",2025-02-16,2,"LT","quantile","0.8",6002
2025-02-12,"hospital admissions",2025-02-16,2,"LT","quantile","0.85",7180
2025-02-12,"hospital admissions",2025-02-16,2,"LT","quantile","0.9",8675
2025-02-12,"hospital admissions",2025-02-16,2,"LT","quantile","0.95",10938
2025-02-12,"hospital admissions",2025-02-16,2,"LT","quantile","0.975",12981
2025-02-12,"hospital admissions",2025-02-16,2,"LT","quantile","0.99",15222
2025-02-12,"hospital admissions",2025-02-23,3,"LT","median","",1298
2025-02-12,"hospital admissions",2025-02-23,3,"LT","quantile","0.01",0
2025-02-12,"hospital admissions",2025-02-23,3,"LT","quantile","0.025",0
2025-02-12,"hospital admissions",2025-02-23,3,"LT","quantile","0.05",0
2025-02-12,"hospital admissions",2025-02-23,3,"LT","quantile","0.1",0
2025-02-12,"hospital admissions",2025-02-23,3,"LT","quantile","0.15",0
2025-02-12,"hospital admissions",2025-02-23,3,"LT","quantile","0.2",0
2025-02-12,"hospital admissions",2025-02-23,3,"LT","quantile","0.25",0
2025-02-12,"hospital admissions",2025-02-23,3,"LT","quantile","0.3",0
2025-02-12,"hospital admissions",2025-02-23,3,"LT","quantile","0.35",0
2025-02-12,"hospital admissions",2025-02-23,3,"LT","quantile","0.4",0
2025-02-12,"hospital admissions",2025-02-23,3,"LT","quantile","0.45",476
2025-02-12,"hospital admissions",2025-02-23,3,"LT","quantile","0.5",1251
2025-02-12,"hospital admissions",2025-02-23,3,"LT","quantile","0.55",2061
2025-02-12,"hospital admissions",2025-02-23,3,"LT","quantile","0.6",2834
2025-02-12,"hospital admissions",2025-02-23,3,"LT","quantile","0.65",3683
2025-02-12,"hospital admissions",2025-02-23,3,"LT","quantile","0.7",4568
2025-02-12,"hospital admissions",2025-02-23,3,"LT","quantile","0.75",5546
2025-02-12,"hospital admissions",2025-02-23,3,"LT","quantile","0.8",6599
2025-02-12,"hospital admissions",2025-02-23,3,"LT","quantile","0.85",7736
2025-02-12,"hospital admissions",2025-02-23,3,"LT","quantile","0.9",9312
2025-02-12,"hospital admissions",2025-02-23,3,"LT","quantile","0.95",11656
2025-02-12,"hospital admissions",2025-02-23,3,"LT","quantile","0.975",13757
2025-02-12,"hospital admissions",2025-02-23,3,"LT","quantile","0.99",16280
2025-02-12,"hospital admissions",2025-03-02,4,"LT","median","",1497
2025-02-12,"hospital admissions",2025-03-02,4,"LT","quantile","0.01",0
2025-02-12,"hospital admissions",2025-03-02,4,"LT","quantile","0.025",0
2025-02-12,"hospital admissions",2025-03-02,4,"LT","quantile","0.05",0
2025-02-12,"hospital admissions",2025-03-02,4,"LT","quantile","0.1",0
2025-02-12,"hospital admissions",2025-03-02,4,"LT","quantile","0.15",0
2025-02-12,"hospital admissions",2025-03-02,4,"LT","quantile","0.2",0
2025-02-12,"hospital admissions",2025-03-02,4,"LT","quantile","0.25",0
2025-02-12,"hospital admissions",2025-03-02,4,"LT","quantile","0.3",0
2025-02-12,"hospital admissions",2025-03-02,4,"LT","quantile","0.35",0
2025-02-12,"hospital admissions",2025-03-02,4,"LT","quantile","0.4",0
2025-02-12,"hospital admissions",2025-03-02,4,"LT","quantile","0.45",590
2025-02-12,"hospital admissions",2025-03-02,4,"LT","quantile","0.5",1406
2025-02-12,"hospital admissions",2025-03-02,4,"LT","quantile","0.55",2195
2025-02-12,"hospital admissions",2025-03-02,4,"LT","quantile","0.6",3084
2025-02-12,"hospital admissions",2025-03-02,4,"LT","quantile","0.65",3909
2025-02-12,"hospital admissions",2025-03-02,4,"LT","quantile","0.7",4854
2025-02-12,"hospital admissions",2025-03-02,4,"LT","quantile","0.75",5776
2025-02-12,"hospital admissions",2025-03-02,4,"LT","quantile","0.8",6940
2025-02-12,"hospital admissions",2025-03-02,4,"LT","quantile","0.85",8130
2025-02-12,"hospital admissions",2025-03-02,4,"LT","quantile","0.9",9776
2025-02-12,"hospital admissions",2025-03-02,4,"LT","quantile","0.95",12378
2025-02-12,"hospital admissions",2025-03-02,4,"LT","quantile","0.975",14443
2025-02-12,"hospital admissions",2025-03-02,4,"LT","quantile","0.99",16741
2025-02-12,"hospital admissions",2025-02-09,1,"MT","median","",6
2025-02-12,"hospital admissions",2025-02-09,1,"MT","quantile","0.01",0
2025-02-12,"hospital admissions",2025-02-09,1,"MT","quantile","0.025",0
2025-02-12,"hospital admissions",2025-02-09,1,"MT","quantile","0.05",0
2025-02-12,"hospital admissions",2025-02-09,1,"MT","quantile","0.1",0
2025-02-12,"hospital admissions",2025-02-09,1,"MT","quantile","0.15",0
2025-02-12,"hospital admissions",2025-02-09,1,"MT","quantile","0.2",0
2025-02-12,"hospital admissions",2025-02-09,1,"MT","quantile","0.25",0
2025-02-12,"hospital admissions",2025-02-09,1,"MT","quantile","0.3",0
2025-02-12,"hospital admissions",2025-02-09,1,"MT","quantile","0.35",1
2025-02-12,"hospital admissions",2025-02-09,1,"MT","quantile","0.4",3
2025-02-12,"hospital admissions",2025-02-09,1,"MT","quantile","0.45",5
2025-02-12,"hospital admissions",2025-02-09,1,"MT","quantile","0.5",6
2025-02-12,"hospital admissions",2025-02-09,1,"MT","quantile","0.55",8
2025-02-12,"hospital admissions",2025-02-09,1,"MT","quantile","0.6",10
2025-02-12,"hospital admissions",2025-02-09,1,"MT","quantile","0.65",12
2025-02-12,"hospital admissions",2025-02-09,1,"MT","quantile","0.7",14
2025-02-12,"hospital admissions",2025-02-09,1,"MT","quantile","0.75",17
2025-02-12,"hospital admissions",2025-02-09,1,"MT","quantile","0.8",19
2025-02-12,"hospital admissions",2025-02-09,1,"MT","quantile","0.85",22
2025-02-12,"hospital admissions",2025-02-09,1,"MT","quantile","0.9",26
2025-02-12,"hospital admissions",2025-02-09,1,"MT","quantile","0.95",32
2025-02-12,"hospital admissions",2025-02-09,1,"MT","quantile","0.975",36
2025-02-12,"hospital admissions",2025-02-09,1,"MT","quantile","0.99",42
2025-02-12,"hospital admissions",2025-02-16,2,"MT","median","",10
2025-02-12,"hospital admissions",2025-02-16,2,"MT","quantile","0.01",0
2025-02-12,"hospital admissions",2025-02-16,2,"MT","quantile","0.025",0
2025-02-12,"hospital admissions",2025-02-16,2,"MT","quantile","0.05",0
2025-02-12,"hospital admissions",2025-02-16,2,"MT","quantile","0.1",0
2025-02-12,"hospital admissions",2025-02-16,2,"MT","quantile","0.15",0
2025-02-12,"hospital admissions",2025-02-16,2,"MT","quantile","0.2",0
2025-02-12,"hospital admissions",2025-02-16,2,"MT","quantile","0.25",0
2025-02-12,"hospital admissions",2025-02-16,2,"MT","quantile","0.3",0
2025-02-12,"hospital admissions",2025-02-16,2,"MT","quantile","0.35",3
2025-02-12,"hospital admissions",2025-02-16,2,"MT","quantile","0.4",5
2025-02-12,"hospital admissions",2025-02-16,2,"MT","quantile","0.45",7
2025-02-12,"hospital admissions",2025-02-16,2,"MT","quantile","0.5",10
2025-02-12,"hospital admissions",2025-02-16,2,"MT","quantile","0.55",12
2025-02-12,"hospital admissions",2025-02-16,2,"MT","quantile","0.6",14
2025-02-12,"hospital admissions",2025-02-16,2,"MT","quantile","0.65",17
2025-02-12,"hospital admissions",2025-02-16,2,"MT","quantile","0.7",19
2025-02-12,"hospital admissions",2025-02-16,2,"MT","quantile","0.75",22
2025-02-12,"hospital admissions",2025-02-16,2,"MT","quantile","0.8",25
2025-02-12,"hospital admissions",2025-02-16,2,"MT","quantile","0.85",29
2025-02-12,"hospital admissions",2025-02-16,2,"MT","quantile","0.9",34
2025-02-12,"hospital admissions",2025-02-16,2,"MT","quantile","0.95",40
2025-02-12,"hospital admissions",2025-02-16,2,"MT","quantile","0.975",46
2025-02-12,"hospital admissions",2025-02-16,2,"MT","quantile","0.99",52
2025-02-12,"hospital admissions",2025-02-23,3,"MT","median","",12
2025-02-12,"hospital admissions",2025-02-23,3,"MT","quantile","0.01",0
2025-02-12,"hospital admissions",2025-02-23,3,"MT","quantile","0.025",0
2025-02-12,"hospital admissions",2025-02-23,3,"MT","quantile","0.05",0
2025-02-12,"hospital admissions",2025-02-23,3,"MT","quantile","0.1",0
2025-02-12,"hospital admissions",2025-02-23,3,"MT","quantile","0.15",0
2025-02-12,"hospital admissions",2025-02-23,3,"MT","quantile","0.2",0
2025-02-12,"hospital admissions",2025-02-23,3,"MT","quantile","0.25",0
2025-02-12,"hospital admissions",2025-02-23,3,"MT","quantile","0.3",2
2025-02-12,"hospital admissions",2025-02-23,3,"MT","quantile","0.35",5
2025-02-12,"hospital admissions",2025-02-23,3,"MT","quantile","0.4",7
2025-02-12,"hospital admissions",2025-02-23,3,"MT","quantile","0.45",10
2025-02-12,"hospital admissions",2025-02-23,3,"MT","quantile","0.5",12
2025-02-12,"hospital admissions",2025-02-23,3,"MT","quantile","0.55",15
2025-02-12,"hospital admissions",2025-02-23,3,"MT","quantile","0.6",17
2025-02-12,"hospital admissions",2025-02-23,3,"MT","quantile","0.65",20
2025-02-12,"hospital admissions",2025-02-23,3,"MT","quantile","0.7",23
2025-02-12,"hospital admissions",2025-02-23,3,"MT","quantile","0.75",26
2025-02-12,"hospital admissions",2025-02-23,3,"MT","quantile","0.8",29
2025-02-12,"hospital admissions",2025-02-23,3,"MT","quantile","0.85",33
2025-02-12,"hospital admissions",2025-02-23,3,"MT","quantile","0.9",37
2025-02-12,"hospital admissions",2025-02-23,3,"MT","quantile","0.95",44
2025-02-12,"hospital admissions",2025-02-23,3,"MT","quantile","0.975",50
2025-02-12,"hospital admissions",2025-02-23,3,"MT","quantile","0.99",57
2025-02-12,"hospital admissions",2025-03-02,4,"MT","median","",14
2025-02-12,"hospital admissions",2025-03-02,4,"MT","quantile","0.01",0
2025-02-12,"hospital admissions",2025-03-02,4,"MT","quantile","0.025",0
2025-02-12,"hospital admissions",2025-03-02,4,"MT","quantile","0.05",0
2025-02-12,"hospital admissions",2025-03-02,4,"MT","quantile","0.1",0
2025-02-12,"hospital admissions",2025-03-02,4,"MT","quantile","0.15",0
2025-02-12,"hospital admissions",2025-03-02,4,"MT","quantile","0.2",0
2025-02-12,"hospital admissions",2025-03-02,4,"MT","quantile","0.25",1
2025-02-12,"hospital admissions",2025-03-02,4,"MT","quantile","0.3",4
2025-02-12,"hospital admissions",2025-03-02,4,"MT","quantile","0.35",7
2025-02-12,"hospital admissions",2025-03-02,4,"MT","quantile","0.4",9
2025-02-12,"hospital admissions",2025-03-02,4,"MT","quantile","0.45",12
2025-02-12,"hospital admissions",2025-03-02,4,"MT","quantile","0.5",14
2025-02-12,"hospital admissions",2025-03-02,4,"MT","quantile","0.55",17
2025-02-12,"hospital admissions",2025-03-02,4,"MT","quantile","0.6",20
2025-02-12,"hospital admissions",2025-03-02,4,"MT","quantile","0.65",22
2025-02-12,"hospital admissions",2025-03-02,4,"MT","quantile","0.7",25
2025-02-12,"hospital admissions",2025-03-02,4,"MT","quantile","0.75",28
2025-02-12,"hospital admissions",2025-03-02,4,"MT","quantile","0.8",32
2025-02-12,"hospital admissions",2025-03-02,4,"MT","quantile","0.85",36
2025-02-12,"hospital admissions",2025-03-02,4,"MT","quantile","0.9",40
2025-02-12,"hospital admissions",2025-03-02,4,"MT","quantile","0.95",48
2025-02-12,"hospital admissions",2025-03-02,4,"MT","quantile","0.975",55
2025-02-12,"hospital admissions",2025-03-02,4,"MT","quantile","0.99",63
2025-02-12,"hospital admissions",2025-02-09,1,"PT","median","",0
2025-02-12,"hospital admissions",2025-02-09,1,"PT","quantile","0.01",0
2025-02-12,"hospital admissions",2025-02-09,1,"PT","quantile","0.025",0
2025-02-12,"hospital admissions",2025-02-09,1,"PT","quantile","0.05",0
2025-02-12,"hospital admissions",2025-02-09,1,"PT","quantile","0.1",0
2025-02-12,"hospital admissions",2025-02-09,1,"PT","quantile","0.15",0
2025-02-12,"hospital admissions",2025-02-09,1,"PT","quantile","0.2",0
2025-02-12,"hospital admissions",2025-02-09,1,"PT","quantile","0.25",0
2025-02-12,"hospital admissions",2025-02-09,1,"PT","quantile","0.3",0
2025-02-12,"hospital admissions",2025-02-09,1,"PT","quantile","0.35",0
2025-02-12,"hospital admissions",2025-02-09,1,"PT","quantile","0.4",0
2025-02-12,"hospital admissions",2025-02-09,1,"PT","quantile","0.45",0
2025-02-12,"hospital admissions",2025-02-09,1,"PT","quantile","0.5",0
2025-02-12,"hospital admissions",2025-02-09,1,"PT","quantile","0.55",12
2025-02-12,"hospital admissions",2025-02-09,1,"PT","quantile","0.6",23
2025-02-12,"hospital admissions",2025-02-09,1,"PT","quantile","0.65",35
2025-02-12,"hospital admissions",2025-02-09,1,"PT","quantile","0.7",47
2025-02-12,"hospital admissions",2025-02-09,1,"PT","quantile","0.75",61
2025-02-12,"hospital admissions",2025-02-09,1,"PT","quantile","0.8",76
2025-02-12,"hospital admissions",2025-02-09,1,"PT","quantile","0.85",93
2025-02-12,"hospital admissions",2025-02-09,1,"PT","quantile","0.9",117
2025-02-12,"hospital admissions",2025-02-09,1,"PT","quantile","0.95",148
2025-02-12,"hospital admissions",2025-02-09,1,"PT","quantile","0.975",177
2025-02-12,"hospital admissions",2025-02-09,1,"PT","quantile","0.99",209
2025-02-12,"hospital admissions",2025-02-16,2,"PT","median","",0
2025-02-12,"hospital admissions",2025-02-16,2,"PT","quantile","0.01",0
2025-02-12,"hospital admissions",2025-02-16,2,"PT","quantile","0.025",0
2025-02-12,"hospital admissions",2025-02-16,2,"PT","quantile","0.05",0
2025-02-12,"hospital admissions",2025-02-16,2,"PT","quantile","0.1",0
2025-02-12,"hospital admissions",2025-02-16,2,"PT","quantile","0.15",0
2025-02-12,"hospital admissions",2025-02-16,2,"PT","quantile","0.2",0
2025-02-12,"hospital admissions",2025-02-16,2,"PT","quantile","0.25",0
2025-02-12,"hospital admissions",2025-02-16,2,"PT","quantile","0.3",0
2025-02-12,"hospital admissions",2025-02-16,2,"PT","quantile","0.35",0
2025-02-12,"hospital admissions",2025-02-16,2,"PT","quantile","0.4",0
2025-02-12,"hospital admissions",2025-02-16,2,"PT","quantile","0.45",0
2025-02-12,"hospital admissions",2025-02-16,2,"PT","quantile","0.5",0
2025-02-12,"hospital admissions",2025-02-16,2,"PT","quantile","0.55",10
2025-02-12,"hospital admissions",2025-02-16,2,"PT","quantile","0.6",22
2025-02-12,"hospital admissions",2025-02-16,2,"PT","quantile","0.65",33
2025-02-12,"hospital admissions",2025-02-16,2,"PT","quantile","0.7",46
2025-02-12,"hospital admissions",2025-02-16,2,"PT","quantile","0.75",61
2025-02-12,"hospital admissions",2025-02-16,2,"PT","quantile","0.8",75
2025-02-12,"hospital admissions",2025-02-16,2,"PT","quantile","0.85",93
2025-02-12,"hospital admissions",2025-02-16,2,"PT","quantile","0.9",116
2025-02-12,"hospital admissions",2025-02-16,2,"PT","quantile","0.95",148
2025-02-12,"hospital admissions",2025-02-16,2,"PT","quantile","0.975",177
2025-02-12,"hospital admissions",2025-02-16,2,"PT","quantile","0.99",211
2025-02-12,"hospital admissions",2025-02-23,3,"PT","median","",0
2025-02-12,"hospital admissions",2025-02-23,3,"PT","quantile","0.01",0
2025-02-12,"hospital admissions",2025-02-23,3,"PT","quantile","0.025",0
2025-02-12,"hospital admissions",2025-02-23,3,"PT","quantile","0.05",0
2025-02-12,"hospital admissions",2025-02-23,3,"PT","quantile","0.1",0
2025-02-12,"hospital admissions",2025-02-23,3,"PT","quantile","0.15",0
2025-02-12,"hospital admissions",2025-02-23,3,"PT","quantile","0.2",0
2025-02-12,"hospital admissions",2025-02-23,3,"PT","quantile","0.25",0
2025-02-12,"hospital admissions",2025-02-23,3,"PT","quantile","0.3",0
2025-02-12,"hospital admissions",2025-02-23,3,"PT","quantile","0.35",0
2025-02-12,"hospital admissions",2025-02-23,3,"PT","quantile","0.4",0
2025-02-12,"hospital admissions",2025-02-23,3,"PT","quantile","0.45",0
2025-02-12,"hospital admissions",2025-02-23,3,"PT","quantile","0.5",0
2025-02-12,"hospital admissions",2025-02-23,3,"PT","quantile","0.55",10
2025-02-12,"hospital admissions",2025-02-23,3,"PT","quantile","0.6",23
2025-02-12,"hospital admissions",2025-02-23,3,"PT","quantile","0.65",35
2025-02-12,"hospital admissions",2025-02-23,3,"PT","quantile","0.7",48
2025-02-12,"hospital admissions",2025-02-23,3,"PT","quantile","0.75",62
2025-02-12,"hospital admissions",2025-02-23,3,"PT","quantile","0.8",77
2025-02-12,"hospital admissions",2025-02-23,3,"PT","quantile","0.85",94
2025-02-12,"hospital admissions",2025-02-23,3,"PT","quantile","0.9",117
2025-02-12,"hospital admissions",2025-02-23,3,"PT","quantile","0.95",150
2025-02-12,"hospital admissions",2025-02-23,3,"PT","quantile","0.975",180
2025-02-12,"hospital admissions",2025-02-23,3,"PT","quantile","0.99",215
2025-02-12,"hospital admissions",2025-03-02,4,"PT","median","",0
2025-02-12,"hospital admissions",2025-03-02,4,"PT","quantile","0.01",0
2025-02-12,"hospital admissions",2025-03-02,4,"PT","quantile","0.025",0
2025-02-12,"hospital admissions",2025-03-02,4,"PT","quantile","0.05",0
2025-02-12,"hospital admissions",2025-03-02,4,"PT","quantile","0.1",0
2025-02-12,"hospital admissions",2025-03-02,4,"PT","quantile","0.15",0
2025-02-12,"hospital admissions",2025-03-02,4,"PT","quantile","0.2",0
2025-02-12,"hospital admissions",2025-03-02,4,"PT","quantile","0.25",0
2025-02-12,"hospital admissions",2025-03-02,4,"PT","quantile","0.3",0
2025-02-12,"hospital admissions",2025-03-02,4,"PT","quantile","0.35",0
2025-02-12,"hospital admissions",2025-03-02,4,"PT","quantile","0.4",0
2025-02-12,"hospital admissions",2025-03-02,4,"PT","quantile","0.45",0
2025-02-12,"hospital admissions",2025-03-02,4,"PT","quantile","0.5",0
2025-02-12,"hospital admissions",2025-03-02,4,"PT","quantile","0.55",12
2025-02-12,"hospital admissions",2025-03-02,4,"PT","quantile","0.6",23
2025-02-12,"hospital admissions",2025-03-02,4,"PT","quantile","0.65",35
2025-02-12,"hospital admissions",2025-03-02,4,"PT","quantile","0.7",47
2025-02-12,"hospital admissions",2025-03-02,4,"PT","quantile","0.75",61
2025-02-12,"hospital admissions",2025-03-02,4,"PT","quantile","0.8",76
2025-02-12,"hospital admissions",2025-03-02,4,"PT","quantile","0.85",94
2025-02-12,"hospital admissions",2025-03-02,4,"PT","quantile","0.9",116
2025-02-12,"hospital admissions",2025-03-02,4,"PT","quantile","0.95",148
2025-02-12,"hospital admissions",2025-03-02,4,"PT","quantile","0.975",176
2025-02-12,"hospital admissions",2025-03-02,4,"PT","quantile","0.99",211
2025-02-12,"hospital admissions",2025-02-09,1,"SK","median","",5
2025-02-12,"hospital admissions",2025-02-09,1,"SK","quantile","0.01",0
2025-02-12,"hospital admissions",2025-02-09,1,"SK","quantile","0.025",0
2025-02-12,"hospital admissions",2025-02-09,1,"SK","quantile","0.05",0
2025-02-12,"hospital admissions",2025-02-09,1,"SK","quantile","0.1",0
2025-02-12,"hospital admissions",2025-02-09,1,"SK","quantile","0.15",0
2025-02-12,"hospital admissions",2025-02-09,1,"SK","quantile","0.2",0
2025-02-12,"hospital admissions",2025-02-09,1,"SK","quantile","0.25",0
2025-02-12,"hospital admissions",2025-02-09,1,"SK","quantile","0.3",0
2025-02-12,"hospital admissions",2025-02-09,1,"SK","quantile","0.35",0
2025-02-12,"hospital admissions",2025-02-09,1,"SK","quantile","0.4",0
2025-02-12,"hospital admissions",2025-02-09,1,"SK","quantile","0.45",0
2025-02-12,"hospital admissions",2025-02-09,1,"SK","quantile","0.5",5
2025-02-12,"hospital admissions",2025-02-09,1,"SK","quantile","0.55",14
2025-02-12,"hospital admissions",2025-02-09,1,"SK","quantile","0.6",23
2025-02-12,"hospital admissions",2025-02-09,1,"SK","quantile","0.65",32
2025-02-12,"hospital admissions",2025-02-09,1,"SK","quantile","0.7",41
2025-02-12,"hospital admissions",2025-02-09,1,"SK","quantile","0.75",52
2025-02-12,"hospital admissions",2025-02-09,1,"SK","quantile","0.8",63
2025-02-12,"hospital admissions",2025-02-09,1,"SK","quantile","0.85",77
2025-02-12,"hospital admissions",2025-02-09,1,"SK","quantile","0.9",95
2025-02-12,"hospital admissions",2025-02-09,1,"SK","quantile","0.95",121
2025-02-12,"hospital admissions",2025-02-09,1,"SK","quantile","0.975",142
2025-02-12,"hospital admissions",2025-02-09,1,"SK","quantile","0.99",171
2025-02-12,"hospital admissions",2025-02-16,2,"SK","median","",4
2025-02-12,"hospital admissions",2025-02-16,2,"SK","quantile","0.01",0
2025-02-12,"hospital admissions",2025-02-16,2,"SK","quantile","0.025",0
2025-02-12,"hospital admissions",2025-02-16,2,"SK","quantile","0.05",0
2025-02-12,"hospital admissions",2025-02-16,2,"SK","quantile","0.1",0
2025-02-12,"hospital admissions",2025-02-16,2,"SK","quantile","0.15",0
2025-02-12,"hospital admissions",2025-02-16,2,"SK","quantile","0.2",0
2025-02-12,"hospital admissions",2025-02-16,2,"SK","quantile","0.25",0
2025-02-12,"hospital admissions",2025-02-16,2,"SK","quantile","0.3",0
2025-02-12,"hospital admissions",2025-02-16,2,"SK","quantile","0.35",0
2025-02-12,"hospital admissions",2025-02-16,2,"SK","quantile","0.4",0
2025-02-12,"hospital admissions",2025-02-16,2,"SK","quantile","0.45",0
2025-02-12,"hospital admissions",2025-02-16,2,"SK","quantile","0.5",6
2025-02-12,"hospital admissions",2025-02-16,2,"SK","quantile","0.55",22
2025-02-12,"hospital admissions",2025-02-16,2,"SK","quantile","0.6",38
2025-02-12,"hospital admissions",2025-02-16,2,"SK","quantile","0.65",54
2025-02-12,"hospital admissions",2025-02-16,2,"SK","quantile","0.7",71
2025-02-12,"hospital admissions",2025-02-16,2,"SK","quantile","0.75",89
2025-02-12,"hospital admissions",2025-02-16,2,"SK","quantile","0.8",109
2025-02-12,"hospital admissions",2025-02-16,2,"SK","quantile","0.85",132
2025-02-12,"hospital admissions",2025-02-16,2,"SK","quantile","0.9",163
2025-02-12,"hospital admissions",2025-02-16,2,"SK","quantile","0.95",209
2025-02-12,"hospital admissions",2025-02-16,2,"SK","quantile","0.975",249
2025-02-12,"hospital admissions",2025-02-16,2,"SK","quantile","0.99",295
2025-02-12,"hospital admissions",2025-02-23,3,"SK","median","",4
2025-02-12,"hospital admissions",2025-02-23,3,"SK","quantile","0.01",0
2025-02-12,"hospital admissions",2025-02-23,3,"SK","quantile","0.025",0
2025-02-12,"hospital admissions",2025-02-23,3,"SK","quantile","0.05",0
2025-02-12,"hospital admissions",2025-02-23,3,"SK","quantile","0.1",0
2025-02-12,"hospital admissions",2025-02-23,3,"SK","quantile","0.15",0
2025-02-12,"hospital admissions",2025-02-23,3,"SK","quantile","0.2",0
2025-02-12,"hospital admissions",2025-02-23,3,"SK","quantile","0.25",0
2025-02-12,"hospital admissions",2025-02-23,3,"SK","quantile","0.3",0
2025-02-12,"hospital admissions",2025-02-23,3,"SK","quantile","0.35",0
2025-02-12,"hospital admissions",2025-02-23,3,"SK","quantile","0.4",0
2025-02-12,"hospital admissions",2025-02-23,3,"SK","quantile","0.45",0
2025-02-12,"hospital admissions",2025-02-23,3,"SK","quantile","0.5",7
2025-02-12,"hospital admissions",2025-02-23,3,"SK","quantile","0.55",28
2025-02-12,"hospital admissions",2025-02-23,3,"SK","quantile","0.6",51
2025-02-12,"hospital admissions",2025-02-23,3,"SK","quantile","0.65",75
2025-02-12,"hospital admissions",2025-02-23,3,"SK","quantile","0.7",98
2025-02-12,"hospital admissions",2025-02-23,3,"SK","quantile","0.75",122
2025-02-12,"hospital admissions",2025-02-23,3,"SK","quantile","0.8",150
2025-02-12,"hospital admissions",2025-02-23,3,"SK","quantile","0.85",184
2025-02-12,"hospital admissions",2025-02-23,3,"SK","quantile","0.9",224
2025-02-12,"hospital admissions",2025-02-23,3,"SK","quantile","0.95",285
2025-02-12,"hospital admissions",2025-02-23,3,"SK","quantile","0.975",340
2025-02-12,"hospital admissions",2025-02-23,3,"SK","quantile","0.99",401
2025-02-12,"hospital admissions",2025-03-02,4,"SK","median","",4
2025-02-12,"hospital admissions",2025-03-02,4,"SK","quantile","0.01",0
2025-02-12,"hospital admissions",2025-03-02,4,"SK","quantile","0.025",0
2025-02-12,"hospital admissions",2025-03-02,4,"SK","quantile","0.05",0
2025-02-12,"hospital admissions",2025-03-02,4,"SK","quantile","0.1",0
2025-02-12,"hospital admissions",2025-03-02,4,"SK","quantile","0.15",0
2025-02-12,"hospital admissions",2025-03-02,4,"SK","quantile","0.2",0
2025-02-12,"hospital admissions",2025-03-02,4,"SK","quantile","0.25",0
2025-02-12,"hospital admissions",2025-03-02,4,"SK","quantile","0.3",0
2025-02-12,"hospital admissions",2025-03-02,4,"SK","quantile","0.35",0
2025-02-12,"hospital admissions",2025-03-02,4,"SK","quantile","0.4",0
2025-02-12,"hospital admissions",2025-03-02,4,"SK","quantile","0.45",0
2025-02-12,"hospital admissions",2025-03-02,4,"SK","quantile","0.5",9
2025-02-12,"hospital admissions",2025-03-02,4,"SK","quantile","0.55",36
2025-02-12,"hospital admissions",2025-03-02,4,"SK","quantile","0.6",63
2025-02-12,"hospital admissions",2025-03-02,4,"SK","quantile","0.65",91
2025-02-12,"hospital admissions",2025-03-02,4,"SK","quantile","0.7",117
2025-02-12,"hospital admissions",2025-03-02,4,"SK","quantile","0.75",149
2025-02-12,"hospital admissions",2025-03-02,4,"SK","quantile","0.8",187
2025-02-12,"hospital admissions",2025-03-02,4,"SK","quantile","0.85",227
2025-02-12,"hospital admissions",2025-03-02,4,"SK","quantile","0.9",277
2025-02-12,"hospital admissions",2025-03-02,4,"SK","quantile","0.95",352
2025-02-12,"hospital admissions",2025-03-02,4,"SK","quantile","0.975",416
2025-02-12,"hospital admissions",2025-03-02,4,"SK","quantile","0.99",503
