origin_date,target,target_end_date,horizon,location,output_type,output_type_id,value
2025-05-07,hospital admissions,2025-05-25,4,CZ,quantile,0.95,18
2025-05-07,hospital admissions,2025-05-25,4,CZ,quantile,0.975,25
2025-05-07,hospital admissions,2025-05-04,1,CZ,quantile,0.75,7
2025-05-07,hospital admissions,2025-05-04,1,CZ,quantile,0.8,7
2025-05-07,hospital admissions,2025-05-04,1,CZ,quantile,0.85,8
2025-05-07,hospital admissions,2025-05-04,1,CZ,quantile,0.7,6
2025-05-07,hospital admissions,2025-05-25,4,CZ,quantile,0.15,1
2025-05-07,hospital admissions,2025-05-04,1,CZ,quantile,0.55,5
2025-05-07,hospital admissions,2025-05-04,1,CZ,quantile,0.65,6
2025-05-07,hospital admissions,2025-05-04,1,CZ,quantile,0.3,4
2025-05-07,hospital admissions,2025-05-04,1,CZ,quantile,0.4,4
2025-05-07,hospital admissions,2025-05-18,3,CZ,quantile,0.99,18
2025-05-07,hospital admissions,2025-05-04,1,CZ,quantile,0.35,4
2025-05-07,hospital admissions,2025-05-04,1,CZ,quantile,0.25,3
2025-05-07,hospital admissions,2025-05-04,1,CZ,quantile,0.5,5
2025-05-07,hospital admissions,2025-05-18,3,CZ,quantile,0.5,3
2025-05-07,hospital admissions,2025-05-25,4,CZ,quantile,0.1,1
2025-05-07,hospital admissions,2025-05-04,1,CZ,quantile,0.05,2
2025-05-07,hospital admissions,2025-05-25,4,CZ,quantile,0.85,10
2025-05-07,hospital admissions,2025-05-25,4,CZ,quantile,0.9,12
2025-05-07,hospital admissions,2025-05-04,1,CZ,quantile,0.025,2
2025-05-07,hospital admissions,2025-05-04,1,CZ,quantile,0.2,3
2025-05-07,hospital admissions,2025-05-04,1,CZ,quantile,0.45,5
2025-05-07,hospital admissions,2025-05-04,1,CZ,quantile,0.6,5
2025-05-07,hospital admissions,2025-05-04,1,CZ,quantile,0.9,9
2025-05-07,hospital admissions,2025-05-25,4,CZ,quantile,0.3,2
2025-05-07,hospital admissions,2025-05-18,3,CZ,quantile,0.9,8
2025-05-07,hospital admissions,2025-05-18,3,CZ,quantile,0.55,3
2025-05-07,hospital admissions,2025-05-18,3,CZ,quantile,0.95,11
2025-05-07,hospital admissions,2025-05-18,3,CZ,quantile,0.85,7
2025-05-07,hospital admissions,2025-05-18,3,CZ,quantile,0.8,6
2025-05-07,hospital admissions,2025-05-18,3,CZ,quantile,0.975,14
2025-05-07,hospital admissions,2025-05-18,3,CZ,quantile,0.6,4
2025-05-07,hospital admissions,2025-05-04,1,CZ,quantile,0.01,1
2025-05-07,hospital admissions,2025-05-04,1,CZ,quantile,0.1,3
2025-05-07,hospital admissions,2025-05-04,1,CZ,quantile,0.15,3
2025-05-07,hospital admissions,2025-05-18,3,CZ,quantile,0.65,4
2025-05-07,hospital admissions,2025-05-18,3,CZ,quantile,0.7,4
2025-05-07,hospital admissions,2025-05-11,2,CZ,quantile,0.1,1
2025-05-07,hospital admissions,2025-05-25,4,CZ,quantile,0.2,1
2025-05-07,hospital admissions,2025-05-25,4,CZ,quantile,0.35,2
2025-05-07,hospital admissions,2025-05-25,4,CZ,quantile,0.4,2
2025-05-07,hospital admissions,2025-05-18,3,CZ,quantile,0.75,5
2025-05-07,hospital admissions,2025-05-04,1,CZ,quantile,0.95,10
2025-05-07,hospital admissions,2025-05-18,3,CZ,quantile,0.45,3
2025-05-07,hospital admissions,2025-05-11,2,CZ,quantile,0.05,1
2025-05-07,hospital admissions,2025-05-25,4,CZ,quantile,0.01,0
2025-05-07,hospital admissions,2025-05-25,4,CZ,quantile,0.025,0
2025-05-07,hospital admissions,2025-05-25,4,CZ,quantile,0.05,0
2025-05-07,hospital admissions,2025-05-25,4,CZ,quantile,0.7,6
2025-05-07,hospital admissions,2025-05-25,4,CZ,quantile,0.75,7
2025-05-07,hospital admissions,2025-05-25,4,CZ,quantile,0.8,8
2025-05-07,hospital admissions,2025-05-25,4,CZ,quantile,0.99,36
2025-05-07,hospital admissions,2025-05-04,1,CZ,quantile,0.975,12
2025-05-07,hospital admissions,2025-05-04,1,CZ,quantile,0.99,14
2025-05-07,hospital admissions,2025-05-18,3,CZ,quantile,0.4,2
2025-05-07,hospital admissions,2025-05-18,3,CZ,quantile,0.15,1
2025-05-07,hospital admissions,2025-05-11,2,CZ,quantile,0.025,0
2025-05-07,hospital admissions,2025-05-11,2,CZ,quantile,0.15,1
2025-05-07,hospital admissions,2025-05-18,3,CZ,quantile,0.01,0
2025-05-07,hospital admissions,2025-05-18,3,CZ,quantile,0.025,0
2025-05-07,hospital admissions,2025-05-18,3,CZ,quantile,0.05,0
2025-05-07,hospital admissions,2025-05-18,3,CZ,quantile,0.1,1
2025-05-07,hospital admissions,2025-05-18,3,CZ,quantile,0.25,2
2025-05-07,hospital admissions,2025-05-18,3,CZ,quantile,0.3,2
2025-05-07,hospital admissions,2025-05-11,2,CZ,quantile,0.01,0
2025-05-07,hospital admissions,2025-05-18,3,CZ,quantile,0.2,1
2025-05-07,hospital admissions,2025-05-18,3,CZ,quantile,0.35,2
2025-05-07,hospital admissions,2025-05-11,2,CZ,quantile,0.3,2
2025-05-07,hospital admissions,2025-05-25,4,CZ,quantile,0.45,3
2025-05-07,hospital admissions,2025-05-25,4,CZ,quantile,0.25,1
2025-05-07,hospital admissions,2025-05-25,4,CZ,quantile,0.6,4
2025-05-07,hospital admissions,2025-05-25,4,CZ,quantile,0.65,5
2025-05-07,hospital admissions,2025-05-11,2,CZ,quantile,0.2,1
2025-05-07,hospital admissions,2025-05-11,2,CZ,quantile,0.55,3
2025-05-07,hospital admissions,2025-05-25,4,CZ,quantile,0.5,3
2025-05-07,hospital admissions,2025-05-25,4,CZ,quantile,0.55,4
2025-05-07,hospital admissions,2025-05-11,2,CZ,quantile,0.7,4
2025-05-07,hospital admissions,2025-05-11,2,CZ,quantile,0.5,3
2025-05-07,hospital admissions,2025-05-11,2,CZ,quantile,0.45,3
2025-05-07,hospital admissions,2025-05-11,2,CZ,quantile,0.6,3
2025-05-07,hospital admissions,2025-05-11,2,CZ,quantile,0.65,4
2025-05-07,hospital admissions,2025-05-11,2,CZ,quantile,0.75,5
2025-05-07,hospital admissions,2025-05-11,2,CZ,quantile,0.35,2
2025-05-07,hospital admissions,2025-05-11,2,CZ,quantile,0.25,2
2025-05-07,hospital admissions,2025-05-11,2,CZ,quantile,0.4,2
2025-05-07,hospital admissions,2025-05-11,2,CZ,quantile,0.975,12
2025-05-07,hospital admissions,2025-05-11,2,CZ,quantile,0.9,7
2025-05-07,hospital admissions,2025-05-11,2,CZ,quantile,0.95,10
2025-05-07,hospital admissions,2025-05-11,2,CZ,quantile,0.8,5
2025-05-07,hospital admissions,2025-05-11,2,CZ,quantile,0.85,6
2025-05-07,hospital admissions,2025-05-11,2,CZ,quantile,0.99,16
2025-05-07,hospital admissions,2025-05-18,3,GR,quantile,0.75,64
2025-05-07,hospital admissions,2025-05-18,3,GR,quantile,0.8,65
2025-05-07,hospital admissions,2025-05-18,3,GR,quantile,0.65,62
2025-05-07,hospital admissions,2025-05-18,3,GR,quantile,0.7,63
2025-05-07,hospital admissions,2025-05-18,3,GR,quantile,0.99,76
2025-05-07,hospital admissions,2025-05-18,3,GR,quantile,0.1,52
2025-05-07,hospital admissions,2025-05-18,3,GR,quantile,0.5,60
2025-05-07,hospital admissions,2025-05-18,3,GR,quantile,0.6,61
2025-05-07,hospital admissions,2025-05-18,3,GR,quantile,0.05,50
2025-05-07,hospital admissions,2025-05-18,3,GR,quantile,0.15,54
2025-05-07,hospital admissions,2025-05-18,3,GR,quantile,0.45,59
2025-05-07,hospital admissions,2025-05-18,3,GR,quantile,0.55,61
2025-05-07,hospital admissions,2025-05-18,3,GR,quantile,0.85,66
2025-05-07,hospital admissions,2025-05-04,1,GR,quantile,0.45,58
2025-05-07,hospital admissions,2025-05-18,3,GR,quantile,0.2,55
2025-05-07,hospital admissions,2025-05-18,3,GR,quantile,0.25,56
2025-05-07,hospital admissions,2025-05-18,3,GR,quantile,0.3,57
2025-05-07,hospital admissions,2025-05-04,1,GR,quantile,0.5,60
2025-05-07,hospital admissions,2025-05-04,1,GR,quantile,0.7,69
2025-05-07,hospital admissions,2025-05-18,3,GR,quantile,0.4,58
2025-05-07,hospital admissions,2025-05-18,3,GR,quantile,0.9,68
2025-05-07,hospital admissions,2025-05-04,1,GR,quantile,0.75,73
2025-05-07,hospital admissions,2025-05-18,3,GR,quantile,0.025,49
2025-05-07,hospital admissions,2025-05-18,3,GR,quantile,0.975,73
2025-05-07,hospital admissions,2025-05-04,1,GR,quantile,0.8,76
2025-05-07,hospital admissions,2025-05-18,3,GR,quantile,0.01,47
2025-05-07,hospital admissions,2025-05-18,3,GR,quantile,0.35,58
2025-05-07,hospital admissions,2025-05-04,1,GR,quantile,0.95,97
2025-05-07,hospital admissions,2025-05-04,1,GR,quantile,0.4,56
2025-05-07,hospital admissions,2025-05-04,1,GR,quantile,0.35,53
2025-05-07,hospital admissions,2025-05-04,1,GR,quantile,0.975,107
2025-05-07,hospital admissions,2025-05-04,1,GR,quantile,0.99,120
2025-05-07,hospital admissions,2025-05-04,1,GR,quantile,0.85,81
2025-05-07,hospital admissions,2025-05-18,3,GR,quantile,0.95,71
2025-05-07,hospital admissions,2025-05-04,1,GR,quantile,0.3,51
2025-05-07,hospital admissions,2025-05-04,1,GR,quantile,0.9,87
2025-05-07,hospital admissions,2025-05-04,1,GR,quantile,0.025,33
2025-05-07,hospital admissions,2025-05-04,1,GR,quantile,0.55,62
2025-05-07,hospital admissions,2025-05-04,1,GR,quantile,0.6,64
2025-05-07,hospital admissions,2025-05-04,1,GR,quantile,0.65,66
2025-05-07,hospital admissions,2025-05-04,1,GR,quantile,0.15,44
2025-05-07,hospital admissions,2025-05-04,1,GR,quantile,0.1,41
2025-05-07,hospital admissions,2025-05-04,1,GR,quantile,0.05,36
2025-05-07,hospital admissions,2025-05-04,1,GR,quantile,0.25,49
2025-05-07,hospital admissions,2025-05-11,2,GR,quantile,0.8,73
2025-05-07,hospital admissions,2025-05-04,1,GR,quantile,0.2,47
2025-05-07,hospital admissions,2025-05-25,4,GR,quantile,0.01,44
2025-05-07,hospital admissions,2025-05-04,1,GR,quantile,0.01,30
2025-05-07,hospital admissions,2025-05-11,2,GR,quantile,0.35,66
2025-05-07,hospital admissions,2025-05-11,2,GR,quantile,0.4,67
2025-05-07,hospital admissions,2025-05-11,2,GR,quantile,0.75,72
2025-05-07,hospital admissions,2025-05-11,2,GR,quantile,0.85,74
2025-05-07,hospital admissions,2025-05-25,4,GR,quantile,0.025,48
2025-05-07,hospital admissions,2025-05-25,4,GR,quantile,0.15,57
2025-05-07,hospital admissions,2025-05-11,2,GR,quantile,0.9,76
2025-05-07,hospital admissions,2025-05-11,2,GR,quantile,0.25,65
2025-05-07,hospital admissions,2025-05-11,2,GR,quantile,0.3,65
2025-05-07,hospital admissions,2025-05-25,4,GR,quantile,0.2,60
2025-05-07,hospital admissions,2025-05-25,4,GR,quantile,0.25,62
2025-05-07,hospital admissions,2025-05-25,4,GR,quantile,0.1,55
2025-05-07,hospital admissions,2025-05-25,4,GR,quantile,0.05,51
2025-05-07,hospital admissions,2025-05-11,2,GR,quantile,0.1,62
2025-05-07,hospital admissions,2025-05-11,2,GR,quantile,0.45,67
2025-05-07,hospital admissions,2025-05-11,2,GR,quantile,0.5,68
2025-05-07,hospital admissions,2025-05-11,2,GR,quantile,0.55,69
2025-05-07,hospital admissions,2025-05-11,2,GR,quantile,0.15,63
2025-05-07,hospital admissions,2025-05-25,4,GR,quantile,0.75,82
2025-05-07,hospital admissions,2025-05-11,2,GR,quantile,0.6,70
2025-05-07,hospital admissions,2025-05-25,4,GR,quantile,0.6,75
2025-05-07,hospital admissions,2025-05-11,2,GR,quantile,0.65,70
2025-05-07,hospital admissions,2025-05-25,4,GR,quantile,0.55,73
2025-05-07,hospital admissions,2025-05-25,4,GR,quantile,0.7,80
2025-05-07,hospital admissions,2025-05-11,2,GR,quantile,0.95,78
2025-05-07,hospital admissions,2025-05-11,2,GR,quantile,0.99,83
2025-05-07,hospital admissions,2025-05-11,2,GR,quantile,0.2,64
2025-05-07,hospital admissions,2025-05-11,2,GR,quantile,0.975,80
2025-05-07,hospital admissions,2025-05-25,4,GR,quantile,0.65,77
2025-05-07,hospital admissions,2025-05-25,4,GR,quantile,0.4,68
2025-05-07,hospital admissions,2025-05-11,2,GR,quantile,0.05,60
2025-05-07,hospital admissions,2025-05-25,4,GR,quantile,0.5,71
2025-05-07,hospital admissions,2025-05-25,4,GR,quantile,0.85,89
2025-05-07,hospital admissions,2025-05-25,4,GR,quantile,0.45,70
2025-05-07,hospital admissions,2025-05-11,2,GR,quantile,0.01,57
2025-05-07,hospital admissions,2025-05-25,4,GR,quantile,0.35,66
2025-05-07,hospital admissions,2025-05-25,4,GR,quantile,0.3,64
2025-05-07,hospital admissions,2025-05-11,2,GR,quantile,0.7,71
2025-05-07,hospital admissions,2025-05-11,2,GR,quantile,0.025,58
2025-05-07,hospital admissions,2025-05-25,4,GR,quantile,0.99,116
2025-05-07,hospital admissions,2025-05-25,4,GR,quantile,0.975,108
2025-05-07,hospital admissions,2025-05-25,4,GR,quantile,0.9,93
2025-05-07,hospital admissions,2025-05-25,4,GR,quantile,0.95,101
2025-05-07,hospital admissions,2025-05-25,4,GR,quantile,0.8,85
2025-05-07,hospital admissions,2025-05-04,1,IE,quantile,0.01,41
2025-05-07,hospital admissions,2025-05-04,1,IE,quantile,0.05,43
2025-05-07,hospital admissions,2025-05-04,1,IE,quantile,0.99,61
2025-05-07,hospital admissions,2025-05-04,1,IE,quantile,0.7,52
2025-05-07,hospital admissions,2025-05-04,1,IE,quantile,0.75,53
2025-05-07,hospital admissions,2025-05-04,1,IE,quantile,0.1,45
2025-05-07,hospital admissions,2025-05-04,1,IE,quantile,0.15,46
2025-05-07,hospital admissions,2025-05-04,1,IE,quantile,0.25,47
2025-05-07,hospital admissions,2025-05-04,1,IE,quantile,0.6,51
2025-05-07,hospital admissions,2025-05-04,1,IE,quantile,0.65,51
2025-05-07,hospital admissions,2025-05-04,1,IE,quantile,0.3,48
2025-05-07,hospital admissions,2025-05-04,1,IE,quantile,0.025,42
2025-05-07,hospital admissions,2025-05-04,1,IE,quantile,0.55,50
2025-05-07,hospital admissions,2025-05-04,1,IE,quantile,0.2,47
2025-05-07,hospital admissions,2025-05-04,1,IE,quantile,0.85,54
2025-05-07,hospital admissions,2025-05-04,1,IE,quantile,0.8,53
2025-05-07,hospital admissions,2025-05-04,1,IE,quantile,0.975,59
2025-05-07,hospital admissions,2025-05-18,3,IE,quantile,0.25,47
2025-05-07,hospital admissions,2025-05-04,1,IE,quantile,0.9,55
2025-05-07,hospital admissions,2025-05-04,1,IE,quantile,0.95,57
2025-05-07,hospital admissions,2025-05-04,1,IE,quantile,0.5,50
2025-05-07,hospital admissions,2025-05-04,1,IE,quantile,0.4,49
2025-05-07,hospital admissions,2025-05-25,4,IE,quantile,0.85,57
2025-05-07,hospital admissions,2025-05-18,3,IE,quantile,0.5,59
2025-05-07,hospital admissions,2025-05-18,3,IE,quantile,0.7,70
2025-05-07,hospital admissions,2025-05-04,1,IE,quantile,0.35,48
2025-05-07,hospital admissions,2025-05-04,1,IE,quantile,0.45,49
2025-05-07,hospital admissions,2025-05-25,4,IE,quantile,0.8,55
2025-05-07,hospital admissions,2025-05-18,3,IE,quantile,0.15,42
2025-05-07,hospital admissions,2025-05-18,3,IE,quantile,0.55,61
2025-05-07,hospital admissions,2025-05-25,4,IE,quantile,0.95,65
2025-05-07,hospital admissions,2025-05-18,3,IE,quantile,0.05,35
2025-05-07,hospital admissions,2025-05-18,3,IE,quantile,0.2,45
2025-05-07,hospital admissions,2025-05-18,3,IE,quantile,0.65,67
2025-05-07,hospital admissions,2025-05-25,4,IE,quantile,0.9,60
2025-05-07,hospital admissions,2025-05-18,3,IE,quantile,0.1,39
2025-05-07,hospital admissions,2025-05-18,3,IE,quantile,0.3,50
2025-05-07,hospital admissions,2025-05-18,3,IE,quantile,0.6,64
2025-05-07,hospital admissions,2025-05-25,4,IE,quantile,0.75,53
2025-05-07,hospital admissions,2025-05-18,3,IE,quantile,0.01,27
2025-05-07,hospital admissions,2025-05-18,3,IE,quantile,0.35,52
2025-05-07,hospital admissions,2025-05-11,2,IE,quantile,0.01,25
2025-05-07,hospital admissions,2025-05-18,3,IE,quantile,0.025,31
2025-05-07,hospital admissions,2025-05-18,3,IE,quantile,0.45,57
2025-05-07,hospital admissions,2025-05-18,3,IE,quantile,0.99,130
2025-05-07,hospital admissions,2025-05-18,3,IE,quantile,0.4,54
2025-05-07,hospital admissions,2025-05-18,3,IE,quantile,0.975,115
2025-05-07,hospital admissions,2025-05-25,4,IE,quantile,0.01,29
2025-05-07,hospital admissions,2025-05-18,3,IE,quantile,0.85,83
2025-05-07,hospital admissions,2025-05-18,3,IE,quantile,0.9,91
2025-05-07,hospital admissions,2025-05-18,3,IE,quantile,0.95,103
2025-05-07,hospital admissions,2025-05-11,2,IE,quantile,0.99,92
2025-05-07,hospital admissions,2025-05-18,3,IE,quantile,0.8,78
2025-05-07,hospital admissions,2025-05-25,4,IE,quantile,0.4,44
2025-05-07,hospital admissions,2025-05-25,4,IE,quantile,0.65,50
2025-05-07,hospital admissions,2025-05-25,4,IE,quantile,0.7,52
2025-05-07,hospital admissions,2025-05-25,4,IE,quantile,0.975,69
2025-05-07,hospital admissions,2025-05-11,2,IE,quantile,0.9,68
2025-05-07,hospital admissions,2025-05-11,2,IE,quantile,0.975,82
2025-05-07,hospital admissions,2025-05-25,4,IE,quantile,0.99,75
2025-05-07,hospital admissions,2025-05-11,2,IE,quantile,0.8,60
2025-05-07,hospital admissions,2025-05-11,2,IE,quantile,0.75,58
2025-05-07,hospital admissions,2025-05-18,3,IE,quantile,0.75,74
2025-05-07,hospital admissions,2025-05-25,4,IE,quantile,0.35,43
2025-05-07,hospital admissions,2025-05-25,4,IE,quantile,0.6,49
2025-05-07,hospital admissions,2025-05-11,2,IE,quantile,0.55,49
2025-05-07,hospital admissions,2025-05-11,2,IE,quantile,0.5,48
2025-05-07,hospital admissions,2025-05-11,2,IE,quantile,0.7,55
2025-05-07,hospital admissions,2025-05-11,2,IE,quantile,0.45,46
2025-05-07,hospital admissions,2025-05-11,2,IE,quantile,0.6,51
2025-05-07,hospital admissions,2025-05-11,2,IE,quantile,0.35,43
2025-05-07,hospital admissions,2025-05-25,4,IE,quantile,0.45,45
2025-05-07,hospital admissions,2025-05-11,2,IE,quantile,0.85,64
2025-05-07,hospital admissions,2025-05-11,2,IE,quantile,0.95,76
2025-05-07,hospital admissions,2025-05-11,2,IE,quantile,0.65,53
2025-05-07,hospital admissions,2025-05-11,2,IE,quantile,0.4,44
2025-05-07,hospital admissions,2025-05-11,2,IE,quantile,0.3,41
2025-05-07,hospital admissions,2025-05-11,2,IE,quantile,0.025,27
2025-05-07,hospital admissions,2025-05-25,4,IE,quantile,0.55,48
2025-05-07,hospital admissions,2025-05-25,4,IE,quantile,0.5,47
2025-05-07,hospital admissions,2025-05-25,4,IE,quantile,0.1,36
2025-05-07,hospital admissions,2025-05-11,2,IE,quantile,0.25,39
2025-05-07,hospital admissions,2025-05-11,2,IE,quantile,0.05,30
2025-05-07,hospital admissions,2025-05-11,2,IE,quantile,0.1,33
2025-05-07,hospital admissions,2025-05-11,2,IE,quantile,0.2,38
2025-05-07,hospital admissions,2025-05-25,4,IE,quantile,0.05,33
2025-05-07,hospital admissions,2025-05-25,4,IE,quantile,0.2,39
2025-05-07,hospital admissions,2025-05-25,4,IE,quantile,0.3,42
2025-05-07,hospital admissions,2025-05-11,2,IE,quantile,0.15,36
2025-05-07,hospital admissions,2025-05-25,4,IE,quantile,0.25,40
2025-05-07,hospital admissions,2025-05-25,4,IE,quantile,0.025,31
2025-05-07,hospital admissions,2025-05-25,4,IE,quantile,0.15,38
2025-05-07,hospital admissions,2025-05-18,3,IT,quantile,0.01,5
2025-05-07,hospital admissions,2025-05-18,3,IT,quantile,0.025,5
2025-05-07,hospital admissions,2025-05-18,3,IT,quantile,0.05,5
2025-05-07,hospital admissions,2025-05-18,3,IT,quantile,0.1,6
2025-05-07,hospital admissions,2025-05-18,3,IT,quantile,0.15,6
2025-05-07,hospital admissions,2025-05-18,3,IT,quantile,0.2,6
2025-05-07,hospital admissions,2025-05-18,3,IT,quantile,0.25,6
2025-05-07,hospital admissions,2025-05-18,3,IT,quantile,0.3,6
2025-05-07,hospital admissions,2025-05-18,3,IT,quantile,0.35,7
2025-05-07,hospital admissions,2025-05-18,3,IT,quantile,0.4,7
2025-05-07,hospital admissions,2025-05-18,3,IT,quantile,0.45,7
2025-05-07,hospital admissions,2025-05-18,3,IT,quantile,0.5,7
2025-05-07,hospital admissions,2025-05-18,3,IT,quantile,0.55,7
2025-05-07,hospital admissions,2025-05-04,1,IT,quantile,0.95,27
2025-05-07,hospital admissions,2025-05-04,1,IT,quantile,0.975,31
2025-05-07,hospital admissions,2025-05-04,1,IT,quantile,0.99,35
2025-05-07,hospital admissions,2025-05-04,1,IT,quantile,0.9,23
2025-05-07,hospital admissions,2025-05-18,3,IT,quantile,0.99,10
2025-05-07,hospital admissions,2025-05-18,3,IT,quantile,0.975,10
2025-05-07,hospital admissions,2025-05-04,1,IT,quantile,0.85,21
2025-05-07,hospital admissions,2025-05-18,3,IT,quantile,0.95,9
2025-05-07,hospital admissions,2025-05-04,1,IT,quantile,0.8,19
2025-05-07,hospital admissions,2025-05-18,3,IT,quantile,0.9,9
2025-05-07,hospital admissions,2025-05-18,3,IT,quantile,0.75,8
2025-05-07,hospital admissions,2025-05-18,3,IT,quantile,0.8,8
2025-05-07,hospital admissions,2025-05-18,3,IT,quantile,0.85,8
2025-05-07,hospital admissions,2025-05-04,1,IT,quantile,0.65,16
2025-05-07,hospital admissions,2025-05-18,3,IT,quantile,0.7,8
2025-05-07,hospital admissions,2025-05-18,3,IT,quantile,0.65,7
2025-05-07,hospital admissions,2025-05-18,3,IT,quantile,0.6,7
2025-05-07,hospital admissions,2025-05-04,1,IT,quantile,0.01,5
2025-05-07,hospital admissions,2025-05-04,1,IT,quantile,0.25,10
2025-05-07,hospital admissions,2025-05-04,1,IT,quantile,0.7,17
2025-05-07,hospital admissions,2025-05-04,1,IT,quantile,0.75,18
2025-05-07,hospital admissions,2025-05-04,1,IT,quantile,0.55,14
2025-05-07,hospital admissions,2025-05-04,1,IT,quantile,0.6,15
2025-05-07,hospital admissions,2025-05-04,1,IT,quantile,0.5,13
2025-05-07,hospital admissions,2025-05-04,1,IT,quantile,0.35,11
2025-05-07,hospital admissions,2025-05-04,1,IT,quantile,0.45,13
2025-05-07,hospital admissions,2025-05-04,1,IT,quantile,0.05,7
2025-05-07,hospital admissions,2025-05-04,1,IT,quantile,0.1,8
2025-05-07,hospital admissions,2025-05-04,1,IT,quantile,0.4,12
2025-05-07,hospital admissions,2025-05-04,1,IT,quantile,0.2,9
2025-05-07,hospital admissions,2025-05-04,1,IT,quantile,0.025,6
2025-05-07,hospital admissions,2025-05-04,1,IT,quantile,0.15,9
2025-05-07,hospital admissions,2025-05-04,1,IT,quantile,0.3,11
2025-05-07,hospital admissions,2025-05-04,1,LT,quantile,0.15,4
2025-05-07,hospital admissions,2025-05-04,1,LT,quantile,0.2,4
2025-05-07,hospital admissions,2025-05-04,1,LT,quantile,0.1,3
2025-05-07,hospital admissions,2025-05-04,1,LT,quantile,0.05,3
2025-05-07,hospital admissions,2025-05-04,1,LT,quantile,0.25,4
2025-05-07,hospital admissions,2025-05-04,1,LT,quantile,0.025,2
2025-05-07,hospital admissions,2025-05-04,1,LT,quantile,0.35,5
2025-05-07,hospital admissions,2025-05-04,1,LT,quantile,0.3,4
2025-05-07,hospital admissions,2025-05-04,1,LT,quantile,0.4,5
2025-05-07,hospital admissions,2025-05-18,3,LT,quantile,0.025,2
2025-05-07,hospital admissions,2025-05-18,3,LT,quantile,0.7,40
2025-05-07,hospital admissions,2025-05-18,3,LT,quantile,0.75,48
2025-05-07,hospital admissions,2025-05-18,3,LT,quantile,0.8,59
2025-05-07,hospital admissions,2025-05-18,3,LT,quantile,0.99,364
2025-05-07,hospital admissions,2025-05-04,1,LT,quantile,0.45,5
2025-05-07,hospital admissions,2025-05-04,1,LT,quantile,0.5,5
2025-05-07,hospital admissions,2025-05-04,1,LT,quantile,0.55,5
2025-05-07,hospital admissions,2025-05-18,3,LT,quantile,0.01,1
2025-05-07,hospital admissions,2025-05-18,3,LT,quantile,0.15,6
2025-05-07,hospital admissions,2025-05-18,3,LT,quantile,0.4,15
2025-05-07,hospital admissions,2025-05-18,3,LT,quantile,0.45,18
2025-05-07,hospital admissions,2025-05-18,3,LT,quantile,0.5,21
2025-05-07,hospital admissions,2025-05-18,3,LT,quantile,0.85,74
2025-05-07,hospital admissions,2025-05-04,1,LT,quantile,0.9,8
2025-05-07,hospital admissions,2025-05-04,1,LT,quantile,0.6,6
2025-05-07,hospital admissions,2025-05-04,1,LT,quantile,0.85,8
2025-05-07,hospital admissions,2025-05-04,1,LT,quantile,0.8,7
2025-05-07,hospital admissions,2025-05-18,3,LT,quantile,0.05,2
2025-05-07,hospital admissions,2025-05-18,3,LT,quantile,0.1,4
2025-05-07,hospital admissions,2025-05-18,3,LT,quantile,0.55,25
2025-05-07,hospital admissions,2025-05-04,1,LT,quantile,0.65,6
2025-05-07,hospital admissions,2025-05-04,1,LT,quantile,0.75,7
2025-05-07,hospital admissions,2025-05-04,1,LT,quantile,0.95,10
2025-05-07,hospital admissions,2025-05-04,1,LT,quantile,0.975,11
2025-05-07,hospital admissions,2025-05-25,4,LT,quantile,0.01,2
2025-05-07,hospital admissions,2025-05-25,4,LT,quantile,0.025,3
2025-05-07,hospital admissions,2025-05-25,4,LT,quantile,0.05,4
2025-05-07,hospital admissions,2025-05-04,1,LT,quantile,0.7,6
2025-05-07,hospital admissions,2025-05-18,3,LT,quantile,0.2,7
2025-05-07,hospital admissions,2025-05-18,3,LT,quantile,0.25,9
2025-05-07,hospital admissions,2025-05-18,3,LT,quantile,0.3,11
2025-05-07,hospital admissions,2025-05-18,3,LT,quantile,0.35,13
2025-05-07,hospital admissions,2025-05-18,3,LT,quantile,0.6,29
2025-05-07,hospital admissions,2025-05-18,3,LT,quantile,0.9,96
2025-05-07,hospital admissions,2025-05-25,4,LT,quantile,0.1,5
2025-05-07,hospital admissions,2025-05-18,3,LT,quantile,0.65,34
2025-05-07,hospital admissions,2025-05-18,3,LT,quantile,0.95,148
2025-05-07,hospital admissions,2025-05-18,3,LT,quantile,0.975,212
2025-05-07,hospital admissions,2025-05-04,1,LT,quantile,0.01,2
2025-05-07,hospital admissions,2025-05-25,4,LT,quantile,0.2,6
2025-05-07,hospital admissions,2025-05-25,4,LT,quantile,0.25,7
2025-05-07,hospital admissions,2025-05-11,2,LT,quantile,0.55,15
2025-05-07,hospital admissions,2025-05-25,4,LT,quantile,0.15,5
2025-05-07,hospital admissions,2025-05-25,4,LT,quantile,0.5,10
2025-05-07,hospital admissions,2025-05-11,2,LT,quantile,0.025,1
2025-05-07,hospital admissions,2025-05-11,2,LT,quantile,0.6,17
2025-05-07,hospital admissions,2025-05-11,2,LT,quantile,0.65,20
2025-05-07,hospital admissions,2025-05-11,2,LT,quantile,0.7,24
2025-05-07,hospital admissions,2025-05-11,2,LT,quantile,0.85,45
2025-05-07,hospital admissions,2025-05-11,2,LT,quantile,0.9,61
2025-05-07,hospital admissions,2025-05-11,2,LT,quantile,0.01,0
2025-05-07,hospital admissions,2025-05-11,2,LT,quantile,0.05,2
2025-05-07,hospital admissions,2025-05-04,1,LT,quantile,0.99,12
2025-05-07,hospital admissions,2025-05-25,4,LT,quantile,0.3,8
2025-05-07,hospital admissions,2025-05-11,2,LT,quantile,0.1,3
2025-05-07,hospital admissions,2025-05-11,2,LT,quantile,0.35,8
2025-05-07,hospital admissions,2025-05-11,2,LT,quantile,0.75,29
2025-05-07,hospital admissions,2025-05-11,2,LT,quantile,0.15,3
2025-05-07,hospital admissions,2025-05-11,2,LT,quantile,0.2,5
2025-05-07,hospital admissions,2025-05-11,2,LT,quantile,0.25,6
2025-05-07,hospital admissions,2025-05-11,2,LT,quantile,0.3,7
2025-05-07,hospital admissions,2025-05-11,2,LT,quantile,0.8,35
2025-05-07,hospital admissions,2025-05-11,2,LT,quantile,0.975,134
2025-05-07,hospital admissions,2025-05-11,2,LT,quantile,0.99,203
2025-05-07,hospital admissions,2025-05-25,4,LT,quantile,0.35,8
2025-05-07,hospital admissions,2025-05-11,2,LT,quantile,0.4,9
2025-05-07,hospital admissions,2025-05-11,2,LT,quantile,0.45,11
2025-05-07,hospital admissions,2025-05-11,2,LT,quantile,0.5,13
2025-05-07,hospital admissions,2025-05-25,4,LT,quantile,0.99,43
2025-05-07,hospital admissions,2025-05-25,4,LT,quantile,0.975,35
2025-05-07,hospital admissions,2025-05-25,4,LT,quantile,0.4,9
2025-05-07,hospital admissions,2025-05-25,4,LT,quantile,0.45,10
2025-05-07,hospital admissions,2025-05-25,4,LT,quantile,0.55,11
2025-05-07,hospital admissions,2025-05-11,2,LT,quantile,0.95,92
2025-05-07,hospital admissions,2025-05-25,4,LT,quantile,0.95,29
2025-05-07,hospital admissions,2025-05-25,4,LT,quantile,0.9,23
2025-05-07,hospital admissions,2025-05-25,4,LT,quantile,0.85,20
2025-05-07,hospital admissions,2025-05-25,4,LT,quantile,0.75,16
2025-05-07,hospital admissions,2025-05-25,4,LT,quantile,0.8,18
2025-05-07,hospital admissions,2025-05-25,4,LT,quantile,0.7,15
2025-05-07,hospital admissions,2025-05-25,4,LT,quantile,0.65,13
2025-05-07,hospital admissions,2025-05-25,4,LT,quantile,0.6,12
2025-05-07,hospital admissions,2025-05-25,4,LV,quantile,0.975,45
2025-05-07,hospital admissions,2025-05-11,2,LV,quantile,0.25,22
2025-05-07,hospital admissions,2025-05-25,4,LV,quantile,0.95,41
2025-05-07,hospital admissions,2025-05-25,4,LV,quantile,0.85,35
2025-05-07,hospital admissions,2025-05-25,4,LV,quantile,0.9,37
2025-05-07,hospital admissions,2025-05-25,4,LV,quantile,0.8,33
2025-05-07,hospital admissions,2025-05-25,4,LV,quantile,0.65,29
2025-05-07,hospital admissions,2025-05-25,4,LV,quantile,0.7,30
2025-05-07,hospital admissions,2025-05-25,4,LV,quantile,0.6,28
2025-05-07,hospital admissions,2025-05-25,4,LV,quantile,0.55,27
2025-05-07,hospital admissions,2025-05-25,4,LV,quantile,0.45,25
2025-05-07,hospital admissions,2025-05-25,4,LV,quantile,0.15,20
2025-05-07,hospital admissions,2025-05-25,4,LV,quantile,0.1,18
2025-05-07,hospital admissions,2025-05-11,2,LV,quantile,0.01,12
2025-05-07,hospital admissions,2025-05-25,4,LV,quantile,0.99,49
2025-05-07,hospital admissions,2025-05-25,4,LV,quantile,0.4,24
2025-05-07,hospital admissions,2025-05-25,4,LV,quantile,0.2,21
2025-05-07,hospital admissions,2025-05-11,2,LV,quantile,0.025,14
2025-05-07,hospital admissions,2025-05-11,2,LV,quantile,0.975,52
2025-05-07,hospital admissions,2025-05-25,4,LV,quantile,0.05,17
2025-05-07,hospital admissions,2025-05-11,2,LV,quantile,0.95,46
2025-05-07,hospital admissions,2025-05-25,4,LV,quantile,0.25,22
2025-05-07,hospital admissions,2025-05-25,4,LV,quantile,0.35,24
2025-05-07,hospital admissions,2025-05-11,2,LV,quantile,0.99,58
2025-05-07,hospital admissions,2025-05-25,4,LV,quantile,0.025,15
2025-05-07,hospital admissions,2025-05-25,4,LV,quantile,0.75,32
2025-05-07,hospital admissions,2025-05-11,2,LV,quantile,0.05,15
2025-05-07,hospital admissions,2025-05-04,1,LV,quantile,0.15,17
2025-05-07,hospital admissions,2025-05-11,2,LV,quantile,0.1,17
2025-05-07,hospital admissions,2025-05-11,2,LV,quantile,0.15,19
2025-05-07,hospital admissions,2025-05-25,4,LV,quantile,0.01,14
2025-05-07,hospital admissions,2025-05-04,1,LV,quantile,0.35,20
2025-05-07,hospital admissions,2025-05-25,4,LV,quantile,0.3,23
2025-05-07,hospital admissions,2025-05-25,4,LV,quantile,0.5,26
2025-05-07,hospital admissions,2025-05-11,2,LV,quantile,0.2,20
2025-05-07,hospital admissions,2025-05-11,2,LV,quantile,0.75,34
2025-05-07,hospital admissions,2025-05-04,1,LV,quantile,0.01,13
2025-05-07,hospital admissions,2025-05-04,1,LV,quantile,0.75,24
2025-05-07,hospital admissions,2025-05-11,2,LV,quantile,0.7,32
2025-05-07,hospital admissions,2025-05-04,1,LV,quantile,0.2,18
2025-05-07,hospital admissions,2025-05-11,2,LV,quantile,0.8,36
2025-05-07,hospital admissions,2025-05-11,2,LV,quantile,0.85,38
2025-05-07,hospital admissions,2025-05-04,1,LV,quantile,0.1,16
2025-05-07,hospital admissions,2025-05-04,1,LV,quantile,0.025,14
2025-05-07,hospital admissions,2025-05-04,1,LV,quantile,0.3,19
2025-05-07,hospital admissions,2025-05-11,2,LV,quantile,0.9,41
2025-05-07,hospital admissions,2025-05-04,1,LV,quantile,0.05,15
2025-05-07,hospital admissions,2025-05-04,1,LV,quantile,0.25,19
2025-05-07,hospital admissions,2025-05-04,1,LV,quantile,0.7,24
2025-05-07,hospital admissions,2025-05-04,1,LV,quantile,0.65,23
2025-05-07,hospital admissions,2025-05-11,2,LV,quantile,0.65,31
2025-05-07,hospital admissions,2025-05-11,2,LV,quantile,0.6,29
2025-05-07,hospital admissions,2025-05-04,1,LV,quantile,0.4,20
2025-05-07,hospital admissions,2025-05-04,1,LV,quantile,0.8,25
2025-05-07,hospital admissions,2025-05-04,1,LV,quantile,0.85,26
2025-05-07,hospital admissions,2025-05-11,2,LV,quantile,0.55,28
2025-05-07,hospital admissions,2025-05-04,1,LV,quantile,0.9,28
2025-05-07,hospital admissions,2025-05-04,1,LV,quantile,0.95,30
2025-05-07,hospital admissions,2025-05-11,2,LV,quantile,0.5,27
2025-05-07,hospital admissions,2025-05-04,1,LV,quantile,0.975,32
2025-05-07,hospital admissions,2025-05-04,1,LV,quantile,0.99,34
2025-05-07,hospital admissions,2025-05-18,3,LV,quantile,0.01,3
2025-05-07,hospital admissions,2025-05-18,3,LV,quantile,0.025,4
2025-05-07,hospital admissions,2025-05-11,2,LV,quantile,0.45,26
2025-05-07,hospital admissions,2025-05-04,1,LV,quantile,0.6,22
2025-05-07,hospital admissions,2025-05-04,1,LV,quantile,0.45,21
2025-05-07,hospital admissions,2025-05-04,1,LV,quantile,0.55,22
2025-05-07,hospital admissions,2025-05-11,2,LV,quantile,0.3,23
2025-05-07,hospital admissions,2025-05-11,2,LV,quantile,0.35,24
2025-05-07,hospital admissions,2025-05-11,2,LV,quantile,0.4,25
2025-05-07,hospital admissions,2025-05-04,1,LV,quantile,0.5,21
2025-05-07,hospital admissions,2025-05-18,3,LV,quantile,0.05,5
2025-05-07,hospital admissions,2025-05-18,3,LV,quantile,0.1,7
2025-05-07,hospital admissions,2025-05-18,3,LV,quantile,0.15,9
2025-05-07,hospital admissions,2025-05-18,3,LV,quantile,0.99,102
2025-05-07,hospital admissions,2025-05-18,3,LV,quantile,0.25,11
2025-05-07,hospital admissions,2025-05-18,3,LV,quantile,0.6,23
2025-05-07,hospital admissions,2025-05-18,3,LV,quantile,0.4,16
2025-05-07,hospital admissions,2025-05-18,3,LV,quantile,0.2,10
2025-05-07,hospital admissions,2025-05-18,3,LV,quantile,0.5,19
2025-05-07,hospital admissions,2025-05-18,3,LV,quantile,0.975,81
2025-05-07,hospital admissions,2025-05-18,3,LV,quantile,0.35,14
2025-05-07,hospital admissions,2025-05-18,3,LV,quantile,0.45,17
2025-05-07,hospital admissions,2025-05-18,3,LV,quantile,0.9,48
2025-05-07,hospital admissions,2025-05-18,3,LV,quantile,0.3,13
2025-05-07,hospital admissions,2025-05-18,3,LV,quantile,0.95,64
2025-05-07,hospital admissions,2025-05-18,3,LV,quantile,0.85,41
2025-05-07,hospital admissions,2025-05-18,3,LV,quantile,0.8,36
2025-05-07,hospital admissions,2025-05-18,3,LV,quantile,0.55,21
2025-05-07,hospital admissions,2025-05-18,3,LV,quantile,0.75,32
2025-05-07,hospital admissions,2025-05-18,3,LV,quantile,0.7,28
2025-05-07,hospital admissions,2025-05-18,3,LV,quantile,0.65,25
2025-05-07,hospital admissions,2025-05-11,2,PL,quantile,0.8,14
2025-05-07,hospital admissions,2025-05-11,2,PL,quantile,0.9,18
2025-05-07,hospital admissions,2025-05-11,2,PL,quantile,0.85,16
2025-05-07,hospital admissions,2025-05-04,1,PL,quantile,0.2,5
2025-05-07,hospital admissions,2025-05-04,1,PL,quantile,0.35,6
2025-05-07,hospital admissions,2025-05-04,1,PL,quantile,0.4,7
2025-05-07,hospital admissions,2025-05-11,2,PL,quantile,0.75,13
2025-05-07,hospital admissions,2025-05-11,2,PL,quantile,0.95,23
2025-05-07,hospital admissions,2025-05-04,1,PL,quantile,0.5,8
2025-05-07,hospital admissions,2025-05-25,4,PL,quantile,0.3,2
2025-05-07,hospital admissions,2025-05-04,1,PL,quantile,0.45,7
2025-05-07,hospital admissions,2025-05-11,2,PL,quantile,0.975,27
2025-05-07,hospital admissions,2025-05-25,4,PL,quantile,0.2,1
2025-05-07,hospital admissions,2025-05-04,1,PL,quantile,0.3,6
2025-05-07,hospital admissions,2025-05-11,2,PL,quantile,0.99,33
2025-05-07,hospital admissions,2025-05-25,4,PL,quantile,0.25,2
2025-05-07,hospital admissions,2025-05-04,1,PL,quantile,0.55,8
2025-05-07,hospital admissions,2025-05-04,1,PL,quantile,0.6,9
2025-05-07,hospital admissions,2025-05-04,1,PL,quantile,0.25,5
2025-05-07,hospital admissions,2025-05-25,4,PL,quantile,0.1,0
2025-05-07,hospital admissions,2025-05-04,1,PL,quantile,0.01,2
2025-05-07,hospital admissions,2025-05-18,3,PL,quantile,0.025,1
2025-05-07,hospital admissions,2025-05-25,4,PL,quantile,0.01,0
2025-05-07,hospital admissions,2025-05-25,4,PL,quantile,0.35,3
2025-05-07,hospital admissions,2025-05-04,1,PL,quantile,0.025,3
2025-05-07,hospital admissions,2025-05-04,1,PL,quantile,0.1,4
2025-05-07,hospital admissions,2025-05-04,1,PL,quantile,0.15,4
2025-05-07,hospital admissions,2025-05-04,1,PL,quantile,0.65,9
2025-05-07,hospital admissions,2025-05-04,1,PL,quantile,0.05,3
2025-05-07,hospital admissions,2025-05-04,1,PL,quantile,0.7,10
2025-05-07,hospital admissions,2025-05-25,4,PL,quantile,0.025,0
2025-05-07,hospital admissions,2025-05-25,4,PL,quantile,0.05,0
2025-05-07,hospital admissions,2025-05-25,4,PL,quantile,0.15,1
2025-05-07,hospital admissions,2025-05-18,3,PL,quantile,0.01,0
2025-05-07,hospital admissions,2025-05-18,3,PL,quantile,0.05,1
2025-05-07,hospital admissions,2025-05-25,4,PL,quantile,0.7,10
2025-05-07,hospital admissions,2025-05-25,4,PL,quantile,0.8,16
2025-05-07,hospital admissions,2025-05-11,2,PL,quantile,0.6,10
2025-05-07,hospital admissions,2025-05-11,2,PL,quantile,0.65,11
2025-05-07,hospital admissions,2025-05-25,4,PL,quantile,0.75,12
2025-05-07,hospital admissions,2025-05-25,4,PL,quantile,0.99,110
2025-05-07,hospital admissions,2025-05-04,1,PL,quantile,0.75,10
2025-05-07,hospital admissions,2025-05-04,1,PL,quantile,0.8,11
2025-05-07,hospital admissions,2025-05-04,1,PL,quantile,0.85,13
2025-05-07,hospital admissions,2025-05-25,4,PL,quantile,0.4,3
2025-05-07,hospital admissions,2025-05-25,4,PL,quantile,0.95,50
2025-05-07,hospital admissions,2025-05-25,4,PL,quantile,0.975,72
2025-05-07,hospital admissions,2025-05-11,2,PL,quantile,0.45,8
2025-05-07,hospital admissions,2025-05-11,2,PL,quantile,0.5,9
2025-05-07,hospital admissions,2025-05-11,2,PL,quantile,0.7,12
2025-05-07,hospital admissions,2025-05-25,4,PL,quantile,0.45,4
2025-05-07,hospital admissions,2025-05-25,4,PL,quantile,0.5,5
2025-05-07,hospital admissions,2025-05-25,4,PL,quantile,0.55,6
2025-05-07,hospital admissions,2025-05-25,4,PL,quantile,0.6,7
2025-05-07,hospital admissions,2025-05-25,4,PL,quantile,0.65,8
2025-05-07,hospital admissions,2025-05-25,4,PL,quantile,0.85,21
2025-05-07,hospital admissions,2025-05-25,4,PL,quantile,0.9,29
2025-05-07,hospital admissions,2025-05-18,3,PL,quantile,0.45,7
2025-05-07,hospital admissions,2025-05-11,2,PL,quantile,0.4,8
2025-05-07,hospital admissions,2025-05-11,2,PL,quantile,0.55,9
2025-05-07,hospital admissions,2025-05-18,3,PL,quantile,0.1,2
2025-05-07,hospital admissions,2025-05-18,3,PL,quantile,0.2,3
2025-05-07,hospital admissions,2025-05-18,3,PL,quantile,0.25,4
2025-05-07,hospital admissions,2025-05-18,3,PL,quantile,0.3,4
2025-05-07,hospital admissions,2025-05-18,3,PL,quantile,0.35,5
2025-05-07,hospital admissions,2025-05-18,3,PL,quantile,0.4,6
2025-05-07,hospital admissions,2025-05-18,3,PL,quantile,0.5,7
2025-05-07,hospital admissions,2025-05-18,3,PL,quantile,0.55,8
2025-05-07,hospital admissions,2025-05-18,3,PL,quantile,0.6,10
2025-05-07,hospital admissions,2025-05-04,1,PL,quantile,0.9,14
2025-05-07,hospital admissions,2025-05-04,1,PL,quantile,0.95,17
2025-05-07,hospital admissions,2025-05-18,3,PL,quantile,0.15,3
2025-05-07,hospital admissions,2025-05-18,3,PL,quantile,0.65,11
2025-05-07,hospital admissions,2025-05-18,3,PL,quantile,0.8,17
2025-05-07,hospital admissions,2025-05-18,3,PL,quantile,0.85,21
2025-05-07,hospital admissions,2025-05-04,1,PL,quantile,0.99,24
2025-05-07,hospital admissions,2025-05-11,2,PL,quantile,0.25,6
2025-05-07,hospital admissions,2025-05-04,1,PL,quantile,0.975,20
2025-05-07,hospital admissions,2025-05-18,3,PL,quantile,0.7,12
2025-05-07,hospital admissions,2025-05-18,3,PL,quantile,0.75,14
2025-05-07,hospital admissions,2025-05-11,2,PL,quantile,0.15,5
2025-05-07,hospital admissions,2025-05-11,2,PL,quantile,0.2,5
2025-05-07,hospital admissions,2025-05-18,3,PL,quantile,0.99,79
2025-05-07,hospital admissions,2025-05-11,2,PL,quantile,0.35,7
2025-05-07,hospital admissions,2025-05-11,2,PL,quantile,0.3,6
2025-05-07,hospital admissions,2025-05-18,3,PL,quantile,0.9,26
2025-05-07,hospital admissions,2025-05-18,3,PL,quantile,0.95,38
2025-05-07,hospital admissions,2025-05-18,3,PL,quantile,0.975,53
2025-05-07,hospital admissions,2025-05-11,2,PL,quantile,0.01,2
2025-05-07,hospital admissions,2025-05-11,2,PL,quantile,0.025,3
2025-05-07,hospital admissions,2025-05-11,2,PL,quantile,0.05,3
2025-05-07,hospital admissions,2025-05-11,2,PL,quantile,0.1,4
2025-05-07,hospital admissions,2025-05-25,4,PT,quantile,0.1,0
2025-05-07,hospital admissions,2025-05-25,4,PT,quantile,0.025,0
2025-05-07,hospital admissions,2025-05-25,4,PT,quantile,0.45,0
2025-05-07,hospital admissions,2025-05-25,4,PT,quantile,0.05,0
2025-05-07,hospital admissions,2025-05-25,4,PT,quantile,0.3,0
2025-05-07,hospital admissions,2025-05-25,4,PT,quantile,0.01,0
2025-05-07,hospital admissions,2025-05-25,4,PT,quantile,0.15,0
2025-05-07,hospital admissions,2025-05-25,4,PT,quantile,0.2,0
2025-05-07,hospital admissions,2025-05-25,4,PT,quantile,0.5,0
2025-05-07,hospital admissions,2025-05-25,4,PT,quantile,0.65,0
2025-05-07,hospital admissions,2025-05-25,4,PT,quantile,0.99,0
2025-05-07,hospital admissions,2025-05-25,4,PT,quantile,0.975,0
2025-05-07,hospital admissions,2025-05-25,4,PT,quantile,0.55,0
2025-05-07,hospital admissions,2025-05-25,4,PT,quantile,0.7,0
2025-05-07,hospital admissions,2025-05-25,4,PT,quantile,0.6,0
2025-05-07,hospital admissions,2025-05-25,4,PT,quantile,0.75,0
2025-05-07,hospital admissions,2025-05-25,4,PT,quantile,0.9,0
2025-05-07,hospital admissions,2025-05-25,4,PT,quantile,0.85,0
2025-05-07,hospital admissions,2025-05-25,4,PT,quantile,0.95,0
2025-05-07,hospital admissions,2025-05-25,4,PT,quantile,0.4,0
2025-05-07,hospital admissions,2025-05-25,4,PT,quantile,0.8,0
2025-05-07,hospital admissions,2025-05-25,4,PT,quantile,0.25,0
2025-05-07,hospital admissions,2025-05-11,2,PT,quantile,0.4,0
2025-05-07,hospital admissions,2025-05-18,3,PT,quantile,0.75,0
2025-05-07,hospital admissions,2025-05-18,3,PT,quantile,0.5,0
2025-05-07,hospital admissions,2025-05-18,3,PT,quantile,0.8,0
2025-05-07,hospital admissions,2025-05-18,3,PT,quantile,0.975,0
2025-05-07,hospital admissions,2025-05-18,3,PT,quantile,0.99,0
2025-05-07,hospital admissions,2025-05-25,4,PT,quantile,0.35,0
2025-05-07,hospital admissions,2025-05-18,3,PT,quantile,0.45,0
2025-05-07,hospital admissions,2025-05-18,3,PT,quantile,0.25,0
2025-05-07,hospital admissions,2025-05-18,3,PT,quantile,0.7,0
2025-05-07,hospital admissions,2025-05-18,3,PT,quantile,0.85,0
2025-05-07,hospital admissions,2025-05-18,3,PT,quantile,0.4,0
2025-05-07,hospital admissions,2025-05-18,3,PT,quantile,0.35,0
2025-05-07,hospital admissions,2025-05-18,3,PT,quantile,0.65,0
2025-05-07,hospital admissions,2025-05-18,3,PT,quantile,0.9,0
2025-05-07,hospital admissions,2025-05-18,3,PT,quantile,0.95,0
2025-05-07,hospital admissions,2025-05-18,3,PT,quantile,0.2,0
2025-05-07,hospital admissions,2025-05-18,3,PT,quantile,0.3,0
2025-05-07,hospital admissions,2025-05-18,3,PT,quantile,0.6,0
2025-05-07,hospital admissions,2025-05-18,3,PT,quantile,0.15,0
2025-05-07,hospital admissions,2025-05-18,3,PT,quantile,0.55,0
2025-05-07,hospital admissions,2025-05-11,2,PT,quantile,0.45,0
2025-05-07,hospital admissions,2025-05-11,2,PT,quantile,0.7,0
2025-05-07,hospital admissions,2025-05-18,3,PT,quantile,0.1,0
2025-05-07,hospital admissions,2025-05-11,2,PT,quantile,0.01,0
2025-05-07,hospital admissions,2025-05-11,2,PT,quantile,0.025,0
2025-05-07,hospital admissions,2025-05-11,2,PT,quantile,0.75,0
2025-05-07,hospital admissions,2025-05-18,3,PT,quantile,0.05,0
2025-05-07,hospital admissions,2025-05-11,2,PT,quantile,0.05,0
2025-05-07,hospital admissions,2025-05-11,2,PT,quantile,0.1,0
2025-05-07,hospital admissions,2025-05-11,2,PT,quantile,0.15,0
2025-05-07,hospital admissions,2025-05-11,2,PT,quantile,0.5,0
2025-05-07,hospital admissions,2025-05-11,2,PT,quantile,0.55,0
2025-05-07,hospital admissions,2025-05-11,2,PT,quantile,0.6,0
2025-05-07,hospital admissions,2025-05-11,2,PT,quantile,0.65,0
2025-05-07,hospital admissions,2025-05-11,2,PT,quantile,0.8,0
2025-05-07,hospital admissions,2025-05-04,1,PT,quantile,0.01,0
2025-05-07,hospital admissions,2025-05-18,3,PT,quantile,0.01,0
2025-05-07,hospital admissions,2025-05-04,1,PT,quantile,0.025,0
2025-05-07,hospital admissions,2025-05-04,1,PT,quantile,0.05,0
2025-05-07,hospital admissions,2025-05-04,1,PT,quantile,0.8,0
2025-05-07,hospital admissions,2025-05-18,3,PT,quantile,0.025,0
2025-05-07,hospital admissions,2025-05-04,1,PT,quantile,0.2,0
2025-05-07,hospital admissions,2025-05-11,2,PT,quantile,0.85,0
2025-05-07,hospital admissions,2025-05-11,2,PT,quantile,0.9,0
2025-05-07,hospital admissions,2025-05-11,2,PT,quantile,0.95,0
2025-05-07,hospital admissions,2025-05-04,1,PT,quantile,0.15,0
2025-05-07,hospital admissions,2025-05-04,1,PT,quantile,0.25,0
2025-05-07,hospital admissions,2025-05-04,1,PT,quantile,0.75,0
2025-05-07,hospital admissions,2025-05-04,1,PT,quantile,0.85,0
2025-05-07,hospital admissions,2025-05-04,1,PT,quantile,0.975,0
2025-05-07,hospital admissions,2025-05-11,2,PT,quantile,0.35,0
2025-05-07,hospital admissions,2025-05-04,1,PT,quantile,0.4,0
2025-05-07,hospital admissions,2025-05-11,2,PT,quantile,0.25,0
2025-05-07,hospital admissions,2025-05-11,2,PT,quantile,0.3,0
2025-05-07,hospital admissions,2025-05-04,1,PT,quantile,0.3,0
2025-05-07,hospital admissions,2025-05-04,1,PT,quantile,0.35,0
2025-05-07,hospital admissions,2025-05-04,1,PT,quantile,0.1,0
2025-05-07,hospital admissions,2025-05-04,1,PT,quantile,0.7,0
2025-05-07,hospital admissions,2025-05-04,1,PT,quantile,0.65,0
2025-05-07,hospital admissions,2025-05-04,1,PT,quantile,0.9,0
2025-05-07,hospital admissions,2025-05-04,1,PT,quantile,0.45,0
2025-05-07,hospital admissions,2025-05-04,1,PT,quantile,0.6,0
2025-05-07,hospital admissions,2025-05-11,2,PT,quantile,0.99,0
2025-05-07,hospital admissions,2025-05-04,1,PT,quantile,0.55,0
2025-05-07,hospital admissions,2025-05-04,1,PT,quantile,0.95,0
2025-05-07,hospital admissions,2025-05-04,1,PT,quantile,0.99,0
2025-05-07,hospital admissions,2025-05-04,1,PT,quantile,0.5,0
2025-05-07,hospital admissions,2025-05-11,2,PT,quantile,0.975,0
2025-05-07,hospital admissions,2025-05-11,2,PT,quantile,0.2,0
2025-05-07,hospital admissions,2025-05-25,4,SK,quantile,0.01,1
2025-05-07,hospital admissions,2025-05-25,4,SK,quantile,0.1,3
2025-05-07,hospital admissions,2025-05-25,4,SK,quantile,0.025,1
2025-05-07,hospital admissions,2025-05-25,4,SK,quantile,0.05,2
2025-05-07,hospital admissions,2025-05-04,1,SK,quantile,0.95,10
2025-05-07,hospital admissions,2025-05-11,2,SK,quantile,0.95,13
2025-05-07,hospital admissions,2025-05-04,1,SK,quantile,0.99,19
2025-05-07,hospital admissions,2025-05-11,2,SK,quantile,0.9,10
2025-05-07,hospital admissions,2025-05-11,2,SK,quantile,0.975,17
2025-05-07,hospital admissions,2025-05-11,2,SK,quantile,0.99,21
2025-05-07,hospital admissions,2025-05-25,4,SK,quantile,0.55,8
2025-05-07,hospital admissions,2025-05-25,4,SK,quantile,0.5,7
2025-05-07,hospital admissions,2025-05-11,2,SK,quantile,0.8,8
2025-05-07,hospital admissions,2025-05-25,4,SK,quantile,0.65,9
2025-05-07,hospital admissions,2025-05-11,2,SK,quantile,0.35,3
2025-05-07,hospital admissions,2025-05-25,4,SK,quantile,0.15,3
2025-05-07,hospital admissions,2025-05-25,4,SK,quantile,0.6,9
2025-05-07,hospital admissions,2025-05-25,4,SK,quantile,0.7,10
2025-05-07,hospital admissions,2025-05-11,2,SK,quantile,0.15,2
2025-05-07,hospital admissions,2025-05-11,2,SK,quantile,0.3,3
2025-05-07,hospital admissions,2025-05-11,2,SK,quantile,0.6,5
2025-05-07,hospital admissions,2025-05-11,2,SK,quantile,0.75,7
2025-05-07,hospital admissions,2025-05-04,1,SK,quantile,0.9,7
2025-05-07,hospital admissions,2025-05-04,1,SK,quantile,0.975,13
2025-05-07,hospital admissions,2025-05-25,4,SK,quantile,0.45,6
2025-05-07,hospital admissions,2025-05-25,4,SK,quantile,0.75,12
2025-05-07,hospital admissions,2025-05-11,2,SK,quantile,0.01,1
2025-05-07,hospital admissions,2025-05-11,2,SK,quantile,0.025,1
2025-05-07,hospital admissions,2025-05-11,2,SK,quantile,0.2,2
2025-05-07,hospital admissions,2025-05-11,2,SK,quantile,0.25,3
2025-05-07,hospital admissions,2025-05-11,2,SK,quantile,0.4,4
2025-05-07,hospital admissions,2025-05-25,4,SK,quantile,0.3,5
2025-05-07,hospital admissions,2025-05-11,2,SK,quantile,0.5,4
2025-05-07,hospital admissions,2025-05-11,2,SK,quantile,0.55,5
2025-05-07,hospital admissions,2025-05-11,2,SK,quantile,0.7,6
2025-05-07,hospital admissions,2025-05-11,2,SK,quantile,0.85,9
2025-05-07,hospital admissions,2025-05-25,4,SK,quantile,0.2,4
2025-05-07,hospital admissions,2025-05-25,4,SK,quantile,0.35,5
2025-05-07,hospital admissions,2025-05-25,4,SK,quantile,0.4,6
2025-05-07,hospital admissions,2025-05-11,2,SK,quantile,0.45,4
2025-05-07,hospital admissions,2025-05-04,1,SK,quantile,0.85,6
2025-05-07,hospital admissions,2025-05-11,2,SK,quantile,0.1,2
2025-05-07,hospital admissions,2025-05-11,2,SK,quantile,0.05,1
2025-05-07,hospital admissions,2025-05-11,2,SK,quantile,0.65,6
2025-05-07,hospital admissions,2025-05-04,1,SK,quantile,0.1,0
2025-05-07,hospital admissions,2025-05-04,1,SK,quantile,0.15,0
2025-05-07,hospital admissions,2025-05-04,1,SK,quantile,0.2,1
2025-05-07,hospital admissions,2025-05-25,4,SK,quantile,0.8,13
2025-05-07,hospital admissions,2025-05-25,4,SK,quantile,0.85,15
2025-05-07,hospital admissions,2025-05-04,1,SK,quantile,0.25,1
2025-05-07,hospital admissions,2025-05-04,1,SK,quantile,0.8,5
2025-05-07,hospital admissions,2025-05-25,4,SK,quantile,0.25,4
2025-05-07,hospital admissions,2025-05-18,3,SK,quantile,0.01,0
2025-05-07,hospital admissions,2025-05-18,3,SK,quantile,0.025,0
2025-05-07,hospital admissions,2025-05-25,4,SK,quantile,0.9,18
2025-05-07,hospital admissions,2025-05-04,1,SK,quantile,0.05,0
2025-05-07,hospital admissions,2025-05-04,1,SK,quantile,0.025,0
2025-05-07,hospital admissions,2025-05-18,3,SK,quantile,0.05,0
2025-05-07,hospital admissions,2025-05-18,3,SK,quantile,0.1,0
2025-05-07,hospital admissions,2025-05-04,1,SK,quantile,0.01,0
2025-05-07,hospital admissions,2025-05-04,1,SK,quantile,0.75,4
2025-05-07,hospital admissions,2025-05-18,3,SK,quantile,0.99,18
2025-05-07,hospital admissions,2025-05-18,3,SK,quantile,0.9,7
2025-05-07,hospital admissions,2025-05-25,4,SK,quantile,0.99,39
2025-05-07,hospital admissions,2025-05-04,1,SK,quantile,0.4,1
2025-05-07,hospital admissions,2025-05-04,1,SK,quantile,0.3,1
2025-05-07,hospital admissions,2025-05-04,1,SK,quantile,0.35,1
2025-05-07,hospital admissions,2025-05-18,3,SK,quantile,0.975,13
2025-05-07,hospital admissions,2025-05-18,3,SK,quantile,0.95,10
2025-05-07,hospital admissions,2025-05-18,3,SK,quantile,0.8,5
2025-05-07,hospital admissions,2025-05-18,3,SK,quantile,0.75,4
2025-05-07,hospital admissions,2025-05-18,3,SK,quantile,0.85,6
2025-05-07,hospital admissions,2025-05-04,1,SK,quantile,0.45,2
2025-05-07,hospital admissions,2025-05-25,4,SK,quantile,0.95,23
2025-05-07,hospital admissions,2025-05-25,4,SK,quantile,0.975,29
2025-05-07,hospital admissions,2025-05-04,1,SK,quantile,0.55,2
2025-05-07,hospital admissions,2025-05-18,3,SK,quantile,0.7,3
2025-05-07,hospital admissions,2025-05-04,1,SK,quantile,0.6,3
2025-05-07,hospital admissions,2025-05-04,1,SK,quantile,0.65,3
2025-05-07,hospital admissions,2025-05-04,1,SK,quantile,0.7,3
2025-05-07,hospital admissions,2025-05-04,1,SK,quantile,0.5,2
2025-05-07,hospital admissions,2025-05-18,3,SK,quantile,0.65,3
2025-05-07,hospital admissions,2025-05-18,3,SK,quantile,0.15,0
2025-05-07,hospital admissions,2025-05-18,3,SK,quantile,0.35,1
2025-05-07,hospital admissions,2025-05-18,3,SK,quantile,0.3,1
2025-05-07,hospital admissions,2025-05-18,3,SK,quantile,0.55,2
2025-05-07,hospital admissions,2025-05-18,3,SK,quantile,0.45,2
2025-05-07,hospital admissions,2025-05-18,3,SK,quantile,0.4,1
2025-05-07,hospital admissions,2025-05-18,3,SK,quantile,0.5,2
2025-05-07,hospital admissions,2025-05-18,3,SK,quantile,0.6,3
2025-05-07,hospital admissions,2025-05-18,3,SK,quantile,0.25,1
2025-05-07,hospital admissions,2025-05-18,3,SK,quantile,0.2,1
2025-05-07,hospital admissions,2025-05-11,2,EE,quantile,0.01,0
2025-05-07,hospital admissions,2025-05-11,2,EE,quantile,0.025,0
2025-05-07,hospital admissions,2025-04-27,0,EE,quantile,0.5,4
2025-05-07,hospital admissions,2025-04-27,0,EE,quantile,0.55,5
2025-05-07,hospital admissions,2025-04-27,0,EE,quantile,0.6,6
2025-05-07,hospital admissions,2025-04-27,0,EE,quantile,0.65,6
2025-05-07,hospital admissions,2025-04-27,0,EE,quantile,0.7,7
2025-05-07,hospital admissions,2025-04-27,0,EE,quantile,0.75,8
2025-05-07,hospital admissions,2025-04-27,0,EE,quantile,0.8,10
2025-05-07,hospital admissions,2025-04-27,0,EE,quantile,0.85,12
2025-05-07,hospital admissions,2025-04-27,0,EE,quantile,0.9,15
2025-05-07,hospital admissions,2025-05-11,2,EE,quantile,0.99,61
2025-05-07,hospital admissions,2025-05-11,2,EE,quantile,0.05,0
2025-05-07,hospital admissions,2025-05-11,2,EE,quantile,0.1,0
2025-05-07,hospital admissions,2025-05-11,2,EE,quantile,0.15,1
2025-05-07,hospital admissions,2025-04-27,0,EE,quantile,0.95,20
2025-05-07,hospital admissions,2025-04-27,0,EE,quantile,0.975,27
2025-05-07,hospital admissions,2025-04-27,0,EE,quantile,0.99,37
2025-05-07,hospital admissions,2025-05-11,2,EE,quantile,0.2,1
2025-05-07,hospital admissions,2025-05-11,2,EE,quantile,0.25,1
2025-05-07,hospital admissions,2025-05-11,2,EE,quantile,0.3,2
2025-05-07,hospital admissions,2025-05-11,2,EE,quantile,0.35,2
2025-05-07,hospital admissions,2025-05-11,2,EE,quantile,0.4,3
2025-05-07,hospital admissions,2025-05-11,2,EE,quantile,0.45,3
2025-05-07,hospital admissions,2025-05-11,2,EE,quantile,0.5,4
2025-05-07,hospital admissions,2025-05-11,2,EE,quantile,0.55,4
2025-05-07,hospital admissions,2025-05-11,2,EE,quantile,0.6,5
2025-05-07,hospital admissions,2025-05-11,2,EE,quantile,0.975,42
2025-05-07,hospital admissions,2025-05-04,1,EE,quantile,0.01,0
2025-05-07,hospital admissions,2025-05-04,1,EE,quantile,0.15,1
2025-05-07,hospital admissions,2025-05-04,1,EE,quantile,0.2,2
2025-05-07,hospital admissions,2025-05-04,1,EE,quantile,0.25,2
2025-05-07,hospital admissions,2025-05-04,1,EE,quantile,0.3,2
2025-05-07,hospital admissions,2025-05-04,1,EE,quantile,0.35,3
2025-05-07,hospital admissions,2025-05-04,1,EE,quantile,0.4,3
2025-05-07,hospital admissions,2025-05-04,1,EE,quantile,0.45,4
2025-05-07,hospital admissions,2025-05-04,1,EE,quantile,0.5,5
2025-05-07,hospital admissions,2025-05-04,1,EE,quantile,0.55,5
2025-05-07,hospital admissions,2025-05-04,1,EE,quantile,0.6,6
2025-05-07,hospital admissions,2025-05-04,1,EE,quantile,0.65,7
2025-05-07,hospital admissions,2025-05-04,1,EE,quantile,0.7,8
2025-05-07,hospital admissions,2025-05-04,1,EE,quantile,0.75,10
2025-05-07,hospital admissions,2025-05-04,1,EE,quantile,0.8,12
2025-05-07,hospital admissions,2025-05-04,1,EE,quantile,0.85,14
2025-05-07,hospital admissions,2025-05-04,1,EE,quantile,0.9,19
2025-05-07,hospital admissions,2025-05-04,1,EE,quantile,0.95,27
2025-05-07,hospital admissions,2025-05-04,1,EE,quantile,0.99,59
2025-05-07,hospital admissions,2025-05-11,2,EE,quantile,0.65,6
2025-05-07,hospital admissions,2025-04-27,0,EE,quantile,0.01,0
2025-05-07,hospital admissions,2025-04-27,0,EE,quantile,0.025,0
2025-05-07,hospital admissions,2025-04-27,0,EE,quantile,0.05,1
2025-05-07,hospital admissions,2025-04-27,0,EE,quantile,0.1,1
2025-05-07,hospital admissions,2025-04-27,0,EE,quantile,0.15,2
2025-05-07,hospital admissions,2025-04-27,0,EE,quantile,0.2,2
2025-05-07,hospital admissions,2025-04-27,0,EE,quantile,0.25,2
2025-05-07,hospital admissions,2025-04-27,0,EE,quantile,0.3,3
2025-05-07,hospital admissions,2025-04-27,0,EE,quantile,0.35,3
2025-05-07,hospital admissions,2025-04-27,0,EE,quantile,0.4,4
2025-05-07,hospital admissions,2025-04-27,0,EE,quantile,0.45,4
2025-05-07,hospital admissions,2025-04-20,-1,EE,quantile,0.01,0
2025-05-07,hospital admissions,2025-04-20,-1,EE,quantile,0.025,1
2025-05-07,hospital admissions,2025-04-20,-1,EE,quantile,0.05,1
2025-05-07,hospital admissions,2025-04-20,-1,EE,quantile,0.1,2
2025-05-07,hospital admissions,2025-04-20,-1,EE,quantile,0.15,2
2025-05-07,hospital admissions,2025-04-20,-1,EE,quantile,0.2,3
2025-05-07,hospital admissions,2025-04-20,-1,EE,quantile,0.25,3
2025-05-07,hospital admissions,2025-04-20,-1,EE,quantile,0.3,3
2025-05-07,hospital admissions,2025-04-20,-1,EE,quantile,0.35,4
2025-05-07,hospital admissions,2025-04-20,-1,EE,quantile,0.4,4
2025-05-07,hospital admissions,2025-04-20,-1,EE,quantile,0.45,5
2025-05-07,hospital admissions,2025-04-20,-1,EE,quantile,0.5,6
2025-05-07,hospital admissions,2025-04-20,-1,EE,quantile,0.55,6
2025-05-07,hospital admissions,2025-04-20,-1,EE,quantile,0.6,7
2025-05-07,hospital admissions,2025-04-20,-1,EE,quantile,0.65,8
2025-05-07,hospital admissions,2025-04-20,-1,EE,quantile,0.7,9
2025-05-07,hospital admissions,2025-04-20,-1,EE,quantile,0.75,10
2025-05-07,hospital admissions,2025-04-20,-1,EE,quantile,0.8,11
2025-05-07,hospital admissions,2025-04-20,-1,EE,quantile,0.85,13
2025-05-07,hospital admissions,2025-04-20,-1,EE,quantile,0.9,16
2025-05-07,hospital admissions,2025-04-20,-1,EE,quantile,0.95,22
2025-05-07,hospital admissions,2025-04-20,-1,EE,quantile,0.975,28
2025-05-07,hospital admissions,2025-04-20,-1,EE,quantile,0.99,37
2025-05-07,hospital admissions,2025-05-04,1,EE,quantile,0.975,38
2025-05-07,hospital admissions,2025-05-11,2,EE,quantile,0.9,19
2025-05-07,hospital admissions,2025-05-11,2,EE,quantile,0.95,29
2025-05-07,hospital admissions,2025-05-11,2,EE,quantile,0.7,7
2025-05-07,hospital admissions,2025-05-11,2,EE,quantile,0.75,9
2025-05-07,hospital admissions,2025-05-11,2,EE,quantile,0.8,11
2025-05-07,hospital admissions,2025-05-11,2,EE,quantile,0.85,14
2025-05-07,hospital admissions,2025-05-04,1,EE,quantile,0.025,0
2025-05-07,hospital admissions,2025-05-04,1,EE,quantile,0.05,0
2025-05-07,hospital admissions,2025-05-04,1,EE,quantile,0.1,1
2025-05-07,hospital admissions,2025-05-18,3,FR,quantile,0.3,26
2025-05-07,hospital admissions,2025-05-18,3,FR,quantile,0.7,32
2025-05-07,hospital admissions,2025-05-18,3,FR,quantile,0.65,31
2025-05-07,hospital admissions,2025-05-18,3,FR,quantile,0.6,30
2025-05-07,hospital admissions,2025-04-27,0,FR,quantile,0.6,4
2025-05-07,hospital admissions,2025-05-18,3,FR,quantile,0.75,33
2025-05-07,hospital admissions,2025-05-18,3,FR,quantile,0.35,27
2025-05-07,hospital admissions,2025-04-27,0,FR,quantile,0.5,3
2025-05-07,hospital admissions,2025-04-27,0,FR,quantile,0.55,4
2025-05-07,hospital admissions,2025-05-18,3,FR,quantile,0.025,20
2025-05-07,hospital admissions,2025-05-18,3,FR,quantile,0.15,24
2025-05-07,hospital admissions,2025-05-18,3,FR,quantile,0.1,23
2025-05-07,hospital admissions,2025-05-18,3,FR,quantile,0.2,25
2025-05-07,hospital admissions,2025-05-18,3,FR,quantile,0.25,25
2025-05-07,hospital admissions,2025-05-18,3,FR,quantile,0.01,19
2025-05-07,hospital admissions,2025-05-18,3,FR,quantile,0.05,21
2025-05-07,hospital admissions,2025-05-18,3,FR,quantile,0.45,28
2025-05-07,hospital admissions,2025-04-27,0,FR,quantile,0.8,10
2025-05-07,hospital admissions,2025-05-18,3,FR,quantile,0.4,27
2025-05-07,hospital admissions,2025-05-18,3,FR,quantile,0.5,29
2025-05-07,hospital admissions,2025-04-27,0,FR,quantile,0.75,8
2025-05-07,hospital admissions,2025-04-27,0,FR,quantile,0.65,5
2025-05-07,hospital admissions,2025-04-27,0,FR,quantile,0.7,6
2025-05-07,hospital admissions,2025-04-27,0,FR,quantile,0.95,27
2025-05-07,hospital admissions,2025-04-27,0,FR,quantile,0.975,39
2025-05-07,hospital admissions,2025-04-27,0,FR,quantile,0.99,59
2025-05-07,hospital admissions,2025-05-18,3,FR,quantile,0.55,30
2025-05-07,hospital admissions,2025-05-04,1,FR,quantile,0.99,31
2025-05-07,hospital admissions,2025-04-27,0,FR,quantile,0.05,0
2025-05-07,hospital admissions,2025-04-27,0,FR,quantile,0.4,2
2025-05-07,hospital admissions,2025-04-27,0,FR,quantile,0.45,3
2025-05-07,hospital admissions,2025-04-27,0,FR,quantile,0.1,0
2025-05-07,hospital admissions,2025-04-27,0,FR,quantile,0.25,1
2025-05-07,hospital admissions,2025-04-27,0,FR,quantile,0.3,1
2025-05-07,hospital admissions,2025-04-27,0,FR,quantile,0.35,2
2025-05-07,hospital admissions,2025-04-27,0,FR,quantile,0.85,13
2025-05-07,hospital admissions,2025-04-27,0,FR,quantile,0.9,17
2025-05-07,hospital admissions,2025-05-04,1,FR,quantile,0.85,16
2025-05-07,hospital admissions,2025-05-04,1,FR,quantile,0.9,18
2025-05-07,hospital admissions,2025-05-04,1,FR,quantile,0.95,22
2025-05-07,hospital admissions,2025-04-27,0,FR,quantile,0.025,0
2025-05-07,hospital admissions,2025-04-27,0,FR,quantile,0.2,1
2025-05-07,hospital admissions,2025-04-27,0,FR,quantile,0.01,0
2025-05-07,hospital admissions,2025-04-27,0,FR,quantile,0.15,1
2025-05-07,hospital admissions,2025-05-18,3,FR,quantile,0.8,34
2025-05-07,hospital admissions,2025-05-18,3,FR,quantile,0.85,35
2025-05-07,hospital admissions,2025-05-18,3,FR,quantile,0.9,37
2025-05-07,hospital admissions,2025-05-18,3,FR,quantile,0.95,40
2025-05-07,hospital admissions,2025-05-04,1,FR,quantile,0.75,14
2025-05-07,hospital admissions,2025-05-04,1,FR,quantile,0.8,15
2025-05-07,hospital admissions,2025-05-04,1,FR,quantile,0.975,26
2025-05-07,hospital admissions,2025-05-11,2,FR,quantile,0.5,31
2025-05-07,hospital admissions,2025-05-11,2,FR,quantile,0.55,32
2025-05-07,hospital admissions,2025-05-11,2,FR,quantile,0.6,34
2025-05-07,hospital admissions,2025-05-11,2,FR,quantile,0.65,35
2025-05-07,hospital admissions,2025-05-11,2,FR,quantile,0.7,36
2025-05-07,hospital admissions,2025-05-11,2,FR,quantile,0.75,38
2025-05-07,hospital admissions,2025-05-11,2,FR,quantile,0.8,40
2025-05-07,hospital admissions,2025-04-20,-1,FR,quantile,0.15,0
2025-05-07,hospital admissions,2025-04-20,-1,FR,quantile,0.2,0
2025-05-07,hospital admissions,2025-04-20,-1,FR,quantile,0.25,1
2025-05-07,hospital admissions,2025-04-20,-1,FR,quantile,0.35,1
2025-05-07,hospital admissions,2025-04-20,-1,FR,quantile,0.4,1
2025-05-07,hospital admissions,2025-04-20,-1,FR,quantile,0.5,1
2025-05-07,hospital admissions,2025-05-18,3,FR,quantile,0.99,45
2025-05-07,hospital admissions,2025-05-04,1,FR,quantile,0.7,13
2025-05-07,hospital admissions,2025-05-11,2,FR,quantile,0.85,43
2025-05-07,hospital admissions,2025-05-11,2,FR,quantile,0.9,46
2025-05-07,hospital admissions,2025-05-11,2,FR,quantile,0.975,57
2025-05-07,hospital admissions,2025-05-11,2,FR,quantile,0.99,63
2025-05-07,hospital admissions,2025-04-20,-1,FR,quantile,0.1,0
2025-05-07,hospital admissions,2025-05-11,2,FR,quantile,0.45,30
2025-05-07,hospital admissions,2025-05-11,2,FR,quantile,0.35,28
2025-05-07,hospital admissions,2025-04-20,-1,FR,quantile,0.45,1
2025-05-07,hospital admissions,2025-04-20,-1,FR,quantile,0.8,4
2025-05-07,hospital admissions,2025-04-20,-1,FR,quantile,0.85,5
2025-05-07,hospital admissions,2025-04-20,-1,FR,quantile,0.9,6
2025-05-07,hospital admissions,2025-04-20,-1,FR,quantile,0.95,9
2025-05-07,hospital admissions,2025-05-04,1,FR,quantile,0.5,10
2025-05-07,hospital admissions,2025-05-04,1,FR,quantile,0.55,10
2025-05-07,hospital admissions,2025-05-04,1,FR,quantile,0.6,11
2025-05-07,hospital admissions,2025-05-11,2,FR,quantile,0.4,29
2025-05-07,hospital admissions,2025-05-18,3,FR,quantile,0.975,42
2025-05-07,hospital admissions,2025-05-11,2,FR,quantile,0.3,26
2025-05-07,hospital admissions,2025-05-04,1,FR,quantile,0.65,12
2025-05-07,hospital admissions,2025-04-20,-1,FR,quantile,0.3,1
2025-05-07,hospital admissions,2025-04-20,-1,FR,quantile,0.55,2
2025-05-07,hospital admissions,2025-05-11,2,FR,quantile,0.25,25
2025-05-07,hospital admissions,2025-05-11,2,FR,quantile,0.95,52
2025-05-07,hospital admissions,2025-04-20,-1,FR,quantile,0.6,2
2025-05-07,hospital admissions,2025-04-20,-1,FR,quantile,0.65,2
2025-05-07,hospital admissions,2025-04-20,-1,FR,quantile,0.75,3
2025-05-07,hospital admissions,2025-05-11,2,FR,quantile,0.2,24
2025-05-07,hospital admissions,2025-04-20,-1,FR,quantile,0.7,3
2025-05-07,hospital admissions,2025-04-20,-1,FR,quantile,0.975,13
2025-05-07,hospital admissions,2025-04-20,-1,FR,quantile,0.99,19
2025-05-07,hospital admissions,2025-05-11,2,FR,quantile,0.15,22
2025-05-07,hospital admissions,2025-05-04,1,FR,quantile,0.45,9
2025-05-07,hospital admissions,2025-05-04,1,FR,quantile,0.4,8
2025-05-07,hospital admissions,2025-05-04,1,FR,quantile,0.3,7
2025-05-07,hospital admissions,2025-04-20,-1,FR,quantile,0.025,0
2025-05-07,hospital admissions,2025-05-04,1,FR,quantile,0.35,8
2025-05-07,hospital admissions,2025-04-20,-1,FR,quantile,0.05,0
2025-05-07,hospital admissions,2025-04-20,-1,FR,quantile,0.01,0
2025-05-07,hospital admissions,2025-05-04,1,FR,quantile,0.25,7
2025-05-07,hospital admissions,2025-05-11,2,FR,quantile,0.1,21
2025-05-07,hospital admissions,2025-05-04,1,FR,quantile,0.2,6
2025-05-07,hospital admissions,2025-05-11,2,FR,quantile,0.05,19
2025-05-07,hospital admissions,2025-05-11,2,FR,quantile,0.025,17
2025-05-07,hospital admissions,2025-05-11,2,FR,quantile,0.01,15
2025-05-07,hospital admissions,2025-05-04,1,FR,quantile,0.025,3
2025-05-07,hospital admissions,2025-05-04,1,FR,quantile,0.15,6
2025-05-07,hospital admissions,2025-05-04,1,FR,quantile,0.1,5
2025-05-07,hospital admissions,2025-05-04,1,FR,quantile,0.05,4
2025-05-07,hospital admissions,2025-05-04,1,FR,quantile,0.01,3
2025-05-07,hospital admissions,2025-05-18,3,MT,quantile,0.85,12
2025-05-07,hospital admissions,2025-05-18,3,MT,quantile,0.99,24
2025-05-07,hospital admissions,2025-05-18,3,MT,quantile,0.9,14
2025-05-07,hospital admissions,2025-05-18,3,MT,quantile,0.65,8
2025-05-07,hospital admissions,2025-05-18,3,MT,quantile,0.975,20
2025-05-07,hospital admissions,2025-05-18,3,MT,quantile,0.95,17
2025-05-07,hospital admissions,2025-05-18,3,MT,quantile,0.6,8
2025-05-07,hospital admissions,2025-05-18,3,MT,quantile,0.8,11
2025-05-07,hospital admissions,2025-05-18,3,MT,quantile,0.75,10
2025-05-07,hospital admissions,2025-05-18,3,MT,quantile,0.7,9
2025-05-07,hospital admissions,2025-05-18,3,MT,quantile,0.3,5
2025-05-07,hospital admissions,2025-05-18,3,MT,quantile,0.45,6
2025-05-07,hospital admissions,2025-05-11,2,MT,quantile,0.2,1
2025-05-07,hospital admissions,2025-05-18,3,MT,quantile,0.55,7
2025-05-07,hospital admissions,2025-05-18,3,MT,quantile,0.4,6
2025-05-07,hospital admissions,2025-05-18,3,MT,quantile,0.5,7
2025-05-07,hospital admissions,2025-05-11,2,MT,quantile,0.15,1
2025-05-07,hospital admissions,2025-05-18,3,MT,quantile,0.35,5
2025-05-07,hospital admissions,2025-05-11,2,MT,quantile,0.1,1
2025-05-07,hospital admissions,2025-05-18,3,MT,quantile,0.25,5
2025-05-07,hospital admissions,2025-05-18,3,MT,quantile,0.2,4
2025-05-07,hospital admissions,2025-05-11,2,MT,quantile,0.25,2
2025-05-07,hospital admissions,2025-05-18,3,MT,quantile,0.1,3
2025-05-07,hospital admissions,2025-05-11,2,MT,quantile,0.3,2
2025-05-07,hospital admissions,2025-05-18,3,MT,quantile,0.15,4
2025-05-07,hospital admissions,2025-05-11,2,MT,quantile,0.9,9
2025-05-07,hospital admissions,2025-05-11,2,MT,quantile,0.05,0
2025-05-07,hospital admissions,2025-05-11,2,MT,quantile,0.45,3
2025-05-07,hospital admissions,2025-05-11,2,MT,quantile,0.4,2
2025-05-07,hospital admissions,2025-05-18,3,MT,quantile,0.05,3
2025-05-07,hospital admissions,2025-05-11,2,MT,quantile,0.5,3
2025-05-07,hospital admissions,2025-05-11,2,MT,quantile,0.95,11
2025-05-07,hospital admissions,2025-05-11,2,MT,quantile,0.975,15
2025-05-07,hospital admissions,2025-05-11,2,MT,quantile,0.85,7
2025-05-07,hospital admissions,2025-05-11,2,MT,quantile,0.35,2
2025-05-07,hospital admissions,2025-05-11,2,MT,quantile,0.6,4
2025-05-07,hospital admissions,2025-05-11,2,MT,quantile,0.99,19
2025-05-07,hospital admissions,2025-05-11,2,MT,quantile,0.025,0
2025-05-07,hospital admissions,2025-05-11,2,MT,quantile,0.65,4
2025-05-07,hospital admissions,2025-05-11,2,MT,quantile,0.55,3
2025-05-07,hospital admissions,2025-05-11,2,MT,quantile,0.75,5
2025-05-07,hospital admissions,2025-05-11,2,MT,quantile,0.01,0
2025-05-07,hospital admissions,2025-05-18,3,MT,quantile,0.025,2
2025-05-07,hospital admissions,2025-05-11,2,MT,quantile,0.7,5
2025-05-07,hospital admissions,2025-05-18,3,MT,quantile,0.01,2
2025-05-07,hospital admissions,2025-05-11,2,MT,quantile,0.8,6
2025-05-07,hospital admissions,2025-05-04,1,CZ,median,NA,5
2025-05-07,hospital admissions,2025-05-18,3,CZ,median,NA,3
2025-05-07,hospital admissions,2025-05-25,4,CZ,median,NA,3
2025-05-07,hospital admissions,2025-05-11,2,CZ,median,NA,3
2025-05-07,hospital admissions,2025-05-18,3,GR,median,NA,60
2025-05-07,hospital admissions,2025-05-04,1,GR,median,NA,60
2025-05-07,hospital admissions,2025-05-11,2,GR,median,NA,68
2025-05-07,hospital admissions,2025-05-25,4,GR,median,NA,71
2025-05-07,hospital admissions,2025-05-04,1,IE,median,NA,50
2025-05-07,hospital admissions,2025-05-18,3,IE,median,NA,59
2025-05-07,hospital admissions,2025-05-11,2,IE,median,NA,48
2025-05-07,hospital admissions,2025-05-25,4,IE,median,NA,47
2025-05-07,hospital admissions,2025-05-18,3,IT,median,NA,7
2025-05-07,hospital admissions,2025-05-04,1,IT,median,NA,13
2025-05-07,hospital admissions,2025-05-04,1,LT,median,NA,5
2025-05-07,hospital admissions,2025-05-18,3,LT,median,NA,21
2025-05-07,hospital admissions,2025-05-25,4,LT,median,NA,10
2025-05-07,hospital admissions,2025-05-11,2,LT,median,NA,13
2025-05-07,hospital admissions,2025-05-25,4,LV,median,NA,26
2025-05-07,hospital admissions,2025-05-11,2,LV,median,NA,27
2025-05-07,hospital admissions,2025-05-04,1,LV,median,NA,21
2025-05-07,hospital admissions,2025-05-18,3,LV,median,NA,19
2025-05-07,hospital admissions,2025-05-04,1,PL,median,NA,8
2025-05-07,hospital admissions,2025-05-11,2,PL,median,NA,9
2025-05-07,hospital admissions,2025-05-25,4,PL,median,NA,5
2025-05-07,hospital admissions,2025-05-18,3,PL,median,NA,7
2025-05-07,hospital admissions,2025-05-25,4,PT,median,NA,0
2025-05-07,hospital admissions,2025-05-18,3,PT,median,NA,0
2025-05-07,hospital admissions,2025-05-11,2,PT,median,NA,0
2025-05-07,hospital admissions,2025-05-04,1,PT,median,NA,0
2025-05-07,hospital admissions,2025-05-25,4,SK,median,NA,7
2025-05-07,hospital admissions,2025-05-11,2,SK,median,NA,4
2025-05-07,hospital admissions,2025-05-04,1,SK,median,NA,2
2025-05-07,hospital admissions,2025-05-18,3,SK,median,NA,2
2025-05-07,hospital admissions,2025-04-27,0,EE,median,NA,4
2025-05-07,hospital admissions,2025-05-11,2,EE,median,NA,4
2025-05-07,hospital admissions,2025-05-04,1,EE,median,NA,5
2025-05-07,hospital admissions,2025-04-20,-1,EE,median,NA,6
2025-05-07,hospital admissions,2025-04-27,0,FR,median,NA,3
2025-05-07,hospital admissions,2025-05-18,3,FR,median,NA,29
2025-05-07,hospital admissions,2025-05-11,2,FR,median,NA,31
2025-05-07,hospital admissions,2025-04-20,-1,FR,median,NA,1
2025-05-07,hospital admissions,2025-05-04,1,FR,median,NA,10
2025-05-07,hospital admissions,2025-05-18,3,MT,median,NA,7
2025-05-07,hospital admissions,2025-05-11,2,MT,median,NA,3
